202.23,194.44,0,0,0
208.02,66.176,3.5,1,0
138.39,144.7,7,2,0
176,200.86,3.5,1,0
156.6,107.69,7,2,0
197.16,207.87,3.5,1,0
199.59,208.6,0,0,0
256.59,89.797,3.5,1,0
231.73,135.82,3.5,1,0
190.19,206.02,3.5,1,0
173.68,205.18,3.5,1,0
153.36,93.236,0,0,0
158.55,103.7,0,0,0
225.13,91.371,3.5,1,0
166.86,70.914,0,0,0
206.31,196.41,0,0,0
163.4,175.2,3.5,1,0
161,177.07,3.5,1,0
146.6,177.5,0,0,0
178.13,171.06,3.5,1,0
145.71,131.48,7,2,0
141.42,154.35,3.5,1,0
187.92,204.95,3.5,1,0
157.85,103.06,7,2,0
213.02,170.83,3.5,1,0
178.22,207.45,3.5,1,0
240.46,95.916,3.5,1,0
186.52,189.08,0,0,0
244.48,95.526,3.5,1,0
143.8,132.06,3.5,1,0
159.28,99.253,0,0,0
179.15,60.171,3.5,1,0
173.11,202.67,3.5,1,0
157.2,189.24,3.5,1,0
130.43,157.94,3.5,1,0
121.21,180.12,7,2,0
161.35,163.59,3.5,1,0
216.74,172.49,0,0,0
182,172.89,3.5,1,0
214.15,168.41,3.5,1,0
170.37,79.071,7,2,0
161.48,94.494,0,0,0
187.69,125.13,7,2,0
231.77,137.72,3.5,1,0
242.15,118.37,0,0,0
230.81,77.708,3.5,1,0
147.61,159.46,0,0,0
205.37,182.63,0,0,0
159.61,170.02,0,0,0
117.15,185.29,3.5,1,0
104.63,180.31,0,0,0
179.12,190.12,3.5,1,0
203.88,193.33,3.5,1,0
146.61,92.801,0,0,0
115.22,158.59,0,0,0
115.74,157.5,0,0,0
167.21,85.914,7,2,0
249.86,95.592,3.5,1,0
244.52,109.81,0,0,0
136.92,143.96,3.5,1,0
156.13,108.59,7,2,0
178.29,188.58,3.5,1,0
118.36,192.14,0,0,0
185.24,203.69,3.5,1,0
246.99,105.91,0,0,0
160.51,178.12,3.5,1,0
243.28,80.014,3.5,1,0
189.38,121.56,3.5,1,0
211.1,69.71899999999999,3.5,1,0
134.55,194.96,0,0,0
202.9,193.14,3.5,1,0
133.6,157.33,7,2,0
233.66,79.068,3.5,1,0
177.57,208.95,3.5,1,0
142.21,178.56,0,0,0
252.54,101.67,3.5,1,0
165.4,71.962,7,2,0
177.56,204.68,3.5,1,0
201.49,95.34999999999999,7,2,0
224.82,153.93,7,2,0
214.8,174.7,0,0,0
171.04,73.655,3.5,1,0
163.29,90.739,3.5,1,0
161.29,94.91800000000001,0,0,0
206.24,186.2,3.5,1,0
244.74,90.86799999999999,3.5,1,0
176.21,207.79,3.5,1,0
135.72,151.13,3.5,1,0
130.66,161.93,3.5,1,0
241.21,106.61,7,2,0
142.53,157.2,0,0,0
143.5,132.68,3.5,1,0
226.24,75.535,3.5,1,0
232.31,136.54,3.5,1,0
255.63,98.289,3.5,1,0
185.56,203.85,3.5,1,0
251.4,96.306,3.5,1,0
163.45,168.08,3.5,1,0
162.29,88.354,7,2,0
249.13,86.29900000000001,3.5,1,0
164.85,173.98,3.5,1,0
150.47,120.19,3.5,1,0
233.78,95.348,3.5,1,0
246.67,98.869,3.5,1,0
179.4,65.955,3.5,1,0
247.34,101.58,3.5,1,0
219.54,168.28,7,2,0
122.44,179.57,3.5,1,0
138.71,142.95,3.5,1,0
246.32,109.23,0,0,0
206.34,67.491,3.5,1,0
238.93,97.711,3.5,1,0
204.09,196.61,3.5,1,0
222.04,158.81,3.5,1,0
171.6,161.22,7,2,0
178.86,190.65,3.5,1,0
243.26,117.25,7,2,0
197.05,210.89,3.5,1,0
171.38,198.58,3.5,1,0
194.28,177.23,3.5,1,0
121.36,144.15,0,0,0
162.01,167.03,3.5,1,0
160.78,85.747,7,2,0
214.87,176.49,0,0,0
181.62,61.341,3.5,1,0
204.46,197.08,0,0,0
155.71,109.4,7,2,0
218.26,88.89700000000001,3.5,1,0
201.03,197.57,0,0,0
164.27,87.351,7,2,0
206.08,182.44,3.5,1,0
207.51,90.324,3.5,1,0
252.37,105.62,3.5,1,0
130.17,157.81,3.5,1,0
241.96,113.98,3.5,1,0
201.93,63.324,3.5,1,0
238.57,122.98,3.5,1,0
175.81,150.6,3.5,1,0
253.28,84.761,3.5,1,0
190.17,190.77,0,0,0
142.79,135.15,7,2,0
166.09,165.38,3.5,1,0
199.49,80.173,3.5,1,0
138.24,186.7,0,0,0
159.87,179.5,3.5,1,0
199.16,207.9,3.5,1,0
123.55,170.69,3.5,1,0
201.13,62.956,3.5,1,0
248.27,106.34,7,2,0
246.59,81.58499999999999,3.5,1,0
216.12,173.82,0,0,0
200.11,206.63,7,2,0
157.74,192.32,3.5,1,0
160.81,182.48,3.5,1,0
130.81,160.15,7,2,0
219.72,161,3.5,1,0
209.15,76.09399999999999,3.5,1,0
165.37,70.792,3.5,1,0
216.38,70.098,3.5,1,0
246.9,101.38,3.5,1,0
191.15,189.92,0,0,0
236,128.55,3.5,1,0
166.22,170.97,3.5,1,0
168.59,73.64400000000001,3.5,1,0
255.71,91.60299999999999,3.5,1,0
122.54,194.12,0,0,0
211.61,181.55,3.5,1,0
161.52,67.06999999999999,0,0,0
210.91,181.3,3.5,1,0
215.02,177.9,7,2,0
179.11,143.54,3.5,1,0
191.83,119.59,7,2,0
202.09,191.82,3.5,1,0
245.64,81.128,3.5,1,0
103.58,182.49,0,0,0
205.51,89.333,3.5,1,0
237.29,128.37,7,2,0
159.32,172.59,3.5,1,0
163.26,93.101,3.5,1,0
160.2,97.526,3.5,1,0
214.19,159.09,3.5,1,0
126.24,132.82,0,0,0
174.26,162.04,3.5,1,0
155.65,89.87,7,2,0
213.86,165.27,3.5,1,0
137.38,145.79,3.5,1,0
111.99,189.09,0,0,0
211.71,180.79,3.5,1,0
133.73,149.23,3.5,1,0
162.01,89.848,0,0,0
194.56,123.98,7,2,0
174.19,200.14,3.5,1,0
169.16,194.1,7,2,0
234.75,130.92,0,0,0
181.22,200.82,7,2,0
207.28,186.28,3.5,1,0
197.54,212.93,0,0,0
139.16,143.01,7,2,0
182.34,173.06,3.5,1,0
218.42,170.67,7,2,0
174.93,206.74,3.5,1,0
190.46,206.15,3.5,1,0
160.14,85.45699999999999,7,2,0
115.46,190.76,0,0,0
203.39,196.6,0,0,0
135.14,144.88,3.5,1,0
210.47,91.327,3.5,1,0
209.98,74.233,3.5,1,0
205.11,188.6,3.5,1,0
202.21,203.46,0,0,0
210.65,181.78,3.5,1,0
205.73,83.794,3.5,1,0
164.86,70.51300000000001,7,2,0
153.76,180.68,0,0,0
173.11,153.14,7,2,0
187.82,124.84,7,2,0
192.02,78.379,3.5,1,0
170.26,167.35,3.5,1,0
252.17,96.673,3.5,1,0
234.2,95.538,3.5,1,0
173.79,209.17,3.5,1,0
156.98,189.61,7,2,0
127.47,170.34,7,2,0
222.51,157.75,0,0,0
138.61,106.37,0,0,0
167.66,71.282,0,0,0
161.76,89.747,0,0,0
240.53,118.75,3.5,1,0
128.87,165.78,3.5,1,0
205.65,90.703,3.5,1,0
169.73,160.34,7,2,0
224.3,153.82,0,0,0
222.6,158.76,7,2,0
161.48,166.1,0,0,0
206.17,184.78,0,0,0
174.47,68.551,3.5,1,0
194.21,206.46,3.5,1,0
157.22,106.57,0,0,0
128.75,158.87,3.5,1,0
181.51,190.07,3.5,1,0
148.65,125.17,7,2,0
247.25,87.55800000000001,3.5,1,0
167.27,64.67400000000001,0,0,0
113.47,162.17,0,0,0
190.84,194.4,3.5,1,0
153.84,186.36,3.5,1,0
165.27,193.51,7,2,0
158.77,187.09,7,2,0
193.88,111.9,3.5,1,0
227.7,148.96,0,0,0
185.73,192.02,3.5,1,0
202.22,199.77,3.5,1,0
176.9,186.18,3.5,1,0
214.69,88.92,3.5,1,0
230.71,74.053,3.5,1,0
228.49,92.908,3.5,1,0
141.81,136.31,3.5,1,0
179.63,141.83,7,2,0
137.41,165.28,0,0,0
146.34,183.9,7,2,0
239.6,81.898,3.5,1,0
246.65,87.313,3.5,1,0
237.77,127.43,0,0,0
163.61,193.53,3.5,1,0
184.12,204.85,3.5,1,0
178.78,60.951,3.5,1,0
207.18,192.89,3.5,1,0
132.92,143.78,3.5,1,0
197.03,196.28,3.5,1,0
244,114.43,0,0,0
118.71,180.99,3.5,1,0
207.34,80.184,3.5,1,0
122.87,180.31,7,2,0
169.96,48.27,3.5,1,0
162.45,170.26,3.5,1,0
170.26,208.62,3.5,1,0
160.87,169.39,3.5,1,0
239.26,107.25,7,2,0
231.35,136.64,3.5,1,0
155.48,187.13,3.5,1,0
126.07,166.37,7,2,0
225.74,150.93,3.5,1,0
202.75,200.37,3.5,1,0
226.3,153.9,7,2,0
193.3,204.66,3.5,1,0
244.84,109.39,3.5,1,0
146,127.34,3.5,1,0
235.92,126.88,3.5,1,0
192.37,193.45,3.5,1,0
243.91,111.42,3.5,1,0
134.32,139.4,7,2,0
243.4,112.51,3.5,1,0
162.19,95.43000000000001,3.5,1,0
199.77,196.99,0,0,0
174.08,71.259,3.5,1,0
156.98,107.09,0,0,0
122.76,175.7,3.5,1,0
160.87,98.685,0,0,0
230.18,73.797,3.5,1,0
212.22,69.173,3.5,1,0
160.4,79.88500000000001,7,2,0
159.84,171.51,3.5,1,0
201.2,202.06,3.5,1,0
174,169.12,3.5,1,0
165.37,192.38,7,2,0
135.58,151.42,3.5,1,0
169.91,159.99,7,2,0
177.27,201.6,3.5,1,0
138.94,146.02,7,2,0
202.14,187.23,0,0,0
227.24,148.68,7,2,0
136.2,150.25,3.5,1,0
190.23,57.853,3.5,1,0
237.23,128.55,0,0,0
204.77,182.36,0,0,0
194.77,206.73,3.5,1,0
250.35,104.69,3.5,1,0
245.84,84.639,3.5,1,0
190.56,203.78,7,2,0
156.41,187.57,3.5,1,0
124.35,168.96,3.5,1,0
145.86,127.65,3.5,1,0
218.02,164.65,3.5,1,0
235.19,130.31,3.5,1,0
221.65,156.85,3.5,1,0
120.76,176.64,3.5,1,0
162.15,174.63,3.5,1,0
175.72,53.173,3.5,1,0
165.83,67.89400000000001,0,0,0
163.47,171.81,3.5,1,0
132.9,174.89,0,0,0
245.16,107.17,3.5,1,0
150.25,179.12,0,0,0
132.81,150.26,3.5,1,0
156.81,104.58,0,0,0
159.56,101.17,3.5,1,0
158.32,179.26,3.5,1,0
166.18,72.318,7,2,0
167.83,167.44,3.5,1,0
171.02,207.04,3.5,1,0
209.77,184.12,3.5,1,0
139.11,139.15,7,2,0
205.1,197.56,0,0,0
163.93,191.73,7,2,0
196.7,102.54,7,2,0
161.53,193.71,3.5,1,0
206.07,196.3,0,0,0
181.3,58.399,3.5,1,0
201.06,187.79,3.5,1,0
140.16,151.89,3.5,1,0
158.63,164.37,0,0,0
245.31,108.37,3.5,1,0
169.22,184.38,3.5,1,0
175.98,66.935,3.5,1,0
144.11,133.71,3.5,1,0
151.2,185.95,7,2,0
252.24,84.259,3.5,1,0
158.22,188.4,3.5,1,0
249.36,104.23,3.5,1,0
191.03,58.22,3.5,1,0
177.77,170.89,3.5,1,0
197.96,111.14,7,2,0
125.37,169.98,3.5,1,0
159.36,190.68,7,2,0
162.27,192.12,7,2,0
143.26,155.21,3.5,1,0
140.7,154,3.5,1,0
138.99,185.17,0,0,0
149.61,86.38200000000001,0,0,0
231.78,79.64700000000001,3.5,1,0
227.97,92.67400000000001,3.5,1,0
241.44,106.15,7,2,0
198.5,207.75,3.5,1,0
226.7,75.758,3.5,1,0
196.07,106.96,7,2,0
208.24,73.14100000000001,3.5,1,0
245.18,86.68899999999999,3.5,1,0
170.53,72.55200000000001,0,0,0
129.09,126.75,0,0,0
187.84,122.03,7,2,0
258.91,108.64,3.5,1,0
169.72,59.213,0,0,0
208.32,95.673,3.5,1,0
130.74,142.71,3.5,1,0
173.55,161.72,3.5,1,0
197.26,212.04,3.5,1,0
204.31,199.24,0,0,0
238.51,99.215,3.5,1,0
233.57,133.43,0,0,0
109.53,187.92,0,0,0
121.83,182.54,7,2,0
153.2,187.3,3.5,1,0
231.44,140.58,0,0,0
219.54,164.14,3.5,1,0
215.23,174.73,7,2,0
106.7,176.07,0,0,0
206.21,89.377,7,2,0
250.25,95.771,3.5,1,0
135.26,169.86,0,0,0
210.2,78.66800000000001,3.5,1,0
163.47,162.66,3.5,1,0
199.43,208.93,0,0,0
166.96,72.68600000000001,7,2,0
137.83,108.05,0,0,0
139.36,142.59,7,2,0
173.17,161.56,3.5,1,0
198.72,197.85,3.5,1,0
141.62,179.77,0,0,0
214.88,157.63,3.5,1,0
147.48,126.54,3.5,1,0
198.78,207.52,7,2,0
246.51,84.93899999999999,3.5,1,0
136.43,151.27,7,2,0
205.16,88.90900000000001,7,2,0
169.6,162.34,3.5,1,0
131.67,139.25,3.5,1,0
120.93,179.7,3.5,1,0
168.8,82.47,7,2,0
179.89,64.929,3.5,1,0
169.94,160.44,7,2,0
201.37,199.08,3.5,1,0
256.02,91.759,3.5,1,0
160.25,193.52,3.5,1,0
178.2,192.03,3.5,1,0
211.9,169.5,3.5,1,0
156.64,87.797,7,2,0
229.88,145.17,7,2,0
246,100.96,3.5,1,0
204.33,89.5,3.5,1,0
161.79,191.9,7,2,0
172.33,208.01,3.5,1,0
169.42,72.675,3.5,1,0
126.61,188.3,0,0,0
176.43,211.62,3.5,1,0
236.9,124.78,3.5,1,0
165.84,72.33,3.5,1,0
161.92,88.176,7,2,0
193.19,193.83,3.5,1,0
150.78,83.875,0,0,0
137.74,138.6,7,2,0
200.99,203.92,3.5,1,0
164.4,193.9,3.5,1,0
208.03,73.631,3.5,1,0
183.87,133.36,3.5,1,0
180.24,202.97,3.5,1,0
227.02,92.23999999999999,3.5,1,0
241.21,115.58,3.5,1,0
200.62,97.211,7,2,0
204.48,186.68,3.5,1,0
155.58,178.41,0,0,0
198.42,210.33,7,2,0
166.88,85.71299999999999,0,0,0
169.17,77.79000000000001,3.5,1,0
148.86,122,7,2,0
204.1,201.25,0,0,0
150.85,120.44,7,2,0
234.11,136.9,7,2,0
196.42,207.51,3.5,1,0
174.65,70.312,3.5,1,0
162.82,95.39700000000001,7,2,0
175.98,208.32,3.5,1,0
184.24,132.57,3.5,1,0
181.55,205.11,3.5,1,0
174.2,162.98,3.5,1,0
160.72,165.3,0,0,0
194.73,217.54,3.5,1,0
105.64,178.25,0,0,0
204.24,64.404,3.5,1,0
192.1,205.81,7,2,0
176.75,145.41,7,2,0
152.68,159.56,3.5,1,0
243.1,106.89,3.5,1,0
204.34,183.56,3.5,1,0
159.5,191.61,3.5,1,0
144.21,97.92700000000001,0,0,0
188.83,208.4,3.5,1,0
180.77,209.7,3.5,1,0
200.96,80.864,3.5,1,0
202.99,198.04,3.5,1,0
219.7,163.94,0,0,0
238.38,126.06,7,2,0
195.48,214.32,3.5,1,0
200.39,206.92,0,0,0
175.58,199.11,3.5,1,0
147.37,124.4,3.5,1,0
117.46,191.7,0,0,0
241.28,106.47,7,2,0
231.16,139.03,3.5,1,0
226.17,151.01,7,2,0
139.08,140.34,7,2,0
194.64,110.28,3.5,1,0
169.21,60.361,0,0,0
179.32,202.58,3.5,1,0
247.13,91.99299999999999,3.5,1,0
171.6,75.527,0,0,0
164.86,182.35,3.5,1,0
256.85,107.69,3.5,1,0
242.25,119.42,7,2,0
209.07,94.169,3.5,1,0
163.67,89.90300000000001,3.5,1,0
134.34,155.64,7,2,0
195.47,111.85,7,2,0
147.98,184.69,7,2,0
257.35,107.93,3.5,1,0
162.56,170,3.5,1,0
203.86,191,3.5,1,0
194.39,194.4,3.5,1,0
160.66,99.13,0,0,0
156.76,107.35,7,2,0
135.22,193.36,0,0,0
127.95,165.7,7,2,0
183.64,204.63,3.5,1,0
157.79,188.2,3.5,1,0
243.46,85.98699999999999,3.5,1,0
195.8,216.08,7,2,0
215.92,175.99,7,2,0
231.05,141.37,0,0,0
171.75,161.82,3.5,1,0
178.36,64.673,3.5,1,0
129.66,157.62,7,2,0
239.67,83.369,3.5,1,0
207.63,190.34,0,0,0
160.33,100.77,7,2,0
241.19,120.11,7,2,0
206.09,65.273,3.5,1,0
203.97,184.37,3.5,1,0
189.3,77.12,3.5,1,0
168.93,80.74299999999999,3.5,1,0
160.92,173.58,3.5,1,0
159.76,169.69,0,0,0
194.73,205.67,7,2,0
132.13,141.69,3.5,1,0
213,178.05,3.5,1,0
117.52,184.3,3.5,1,0
247.15,85.23999999999999,3.5,1,0
170.63,57.185,0,0,0
164.56,91.619,7,2,0
199.98,190.06,3.5,1,0
255.83,107.23,3.5,1,0
227.12,150.23,0,0,0
126.9,163.52,3.5,1,0
193.51,178.33,3.5,1,0
154.06,187.72,3.5,1,0
163.22,194.54,3.5,1,0
133.69,142.4,7,2,0
163.25,90.694,0,0,0
242.26,113.34,3.5,1,0
190.45,189.6,0,0,0
160.69,96.211,0,0,0
195.62,214,3.5,1,0
178.03,194.94,7,2,0
127.35,166.99,7,2,0
191.2,205.03,3.5,1,0
214.62,178.77,7,2,0
240.73,116.61,3.5,1,0
255.88,93.887,3.5,1,0
158.88,184.79,3.5,1,0
158.3,160.23,3.5,1,0
240.55,106.93,3.5,1,0
110.41,184.24,0,0,0
194.36,114.21,7,2,0
195.09,109.31,3.5,1,0
232.96,134.71,0,0,0
171.99,161.95,3.5,1,0
191.72,113.17,7,2,0
206.39,191.62,3.5,1,0
171.21,73.276,3.5,1,0
206.7,187.46,3.5,1,0
131.53,160.08,3.5,1,0
159.45,170.34,0,0,0
243.49,107.64,7,2,0
158.42,185.76,3.5,1,0
161.24,168.61,3.5,1,0
192.16,112.23,7,2,0
249.75,98.011,3.5,1,0
205.16,82.81399999999999,3.5,1,0
255.01,89.095,3.5,1,0
229.97,139.58,3.5,1,0
200.67,195.34,0,0,0
222.85,157.02,0,0,0
168.79,72.38500000000001,3.5,1,0
226.46,151.64,0,0,0
228.69,94.669,3.5,1,0
157.7,103.04,3.5,1,0
213.35,170.11,3.5,1,0
238.38,127.74,7,2,0
216.62,167.67,3.5,1,0
155.49,109.84,7,2,0
195.3,116.68,7,2,0
175.29,168.42,3.5,1,0
118.4,186.12,7,2,0
177.08,170.57,3.5,1,0
223.91,155.9,7,2,0
127.83,164.58,3.5,1,0
158.71,160.42,3.5,1,0
130.96,159.96,3.5,1,0
160.13,183.99,3.5,1,0
202.12,94.247,3.5,1,0
124.89,167.82,3.5,1,0
153.4,187.4,3.5,1,0
153.16,186.05,3.5,1,0
177.1,67.35899999999999,3.5,1,0
176.85,67.905,3.5,1,0
202.54,199.06,3.5,1,0
140.32,143.06,7,2,0
240.41,108.29,7,2,0
182.84,204.25,3.5,1,0
130.84,163.06,7,2,0
203.1,192.71,3.5,1,0
236.1,126.48,3.5,1,0
188.14,76.574,3.5,1,0
199.98,204.96,7,2,0
158.28,103.96,3.5,1,0
195.34,105.44,7,2,0
236.68,129.69,0,0,0
170.63,161.3,3.5,1,0
243.77,110.12,3.5,1,0
217.47,165.86,3.5,1,0
137.68,148.82,7,2,0
246.29,91.60299999999999,3.5,1,0
165.9,169.8,3.5,1,0
168.74,162.49,7,2,0
197.7,103.46,7,2,0
244.81,82.655,3.5,1,0
180.42,189.56,3.5,1,0
165.1,171.52,3.5,1,0
207.07,186.71,3.5,1,0
224.7,150.29,3.5,1,0
158.1,101.79,0,0,0
165.17,89.402,0,0,0
187.85,189.69,0,0,0
117.32,154.27,0,0,0
128.1,158.54,3.5,1,0
205.09,181.96,3.5,1,0
142.95,155.06,3.5,1,0
174.2,70.09999999999999,3.5,1,0
146.13,154.53,3.5,1,0
157.78,106.27,7,2,0
204.38,188.8,0,0,0
117.57,153.75,0,0,0
256.26,98.578,3.5,1,0
178.95,192.98,7,2,0
168.37,163.18,7,2,0
165.24,88.77800000000001,3.5,1,0
174.31,186.73,3.5,1,0
157.84,173.7,0,0,0
145.48,154.21,3.5,1,0
204.36,192.31,3.5,1,0
119.69,179.02,3.5,1,0
167.02,169.21,3.5,1,0
197.02,192.55,0,0,0
206.64,185.35,3.5,1,0
160.71,180.99,3.5,1,0
155.28,110.26,7,2,0
162.36,86.471,7,2,0
243.99,107.28,3.5,1,0
105.16,179.23,0,0,0
111.95,165.3,0,0,0
168.17,79.96299999999999,3.5,1,0
249.38,86.42100000000001,3.5,1,0
197.61,111.88,7,2,0
235,133.23,7,2,0
156.98,87.73,0,0,0
179.84,141.35,7,2,0
240.92,105.93,3.5,1,0
200.67,192.5,0,0,0
201.45,189.79,3.5,1,0
241.45,119.55,7,2,0
172.95,72.396,0,0,0
172.33,49.396,3.5,1,0
131.39,158.36,3.5,1,0
166.83,71.29300000000001,7,2,0
133.27,158.09,7,2,0
185.51,190.23,3.5,1,0
143.57,155.35,3.5,1,0
175.66,209.04,3.5,1,0
159.28,170.71,0,0,0
189.88,175.18,3.5,1,0
237.28,79.23399999999999,3.5,1,0
231.89,141.68,7,2,0
149.73,120.11,7,2,0
139.32,161.21,0,0,0
160.13,178.95,3.5,1,0
198.5,207.47,0,0,0
164.43,88.209,3.5,1,0
159.76,179.74,3.5,1,0
169.54,196.3,3.5,1,0
169.08,47.858,3.5,1,0
174.07,208.57,3.5,1,0
127.62,186.16,0,0,0
188.84,190.16,0,0,0
152.85,95.765,7,2,0
131.19,149.49,3.5,1,0
187.71,207.9,3.5,1,0
197.21,210.26,0,0,0
181.64,172.72,3.5,1,0
203.73,196.76,0,0,0
150.26,84.97799999999999,0,0,0
163.47,176.99,3.5,1,0
202.48,202.93,0,0,0
204.19,188.32,0,0,0
163.61,176.68,3.5,1,0
208.85,189.64,0,0,0
161.08,78.44799999999999,7,2,0
131.68,159.74,3.5,1,0
185.12,172.98,3.5,1,0
138.5,162.96,0,0,0
242.54,94.61199999999999,3.5,1,0
122.37,141.09,0,0,0
144.97,130.46,7,2,0
166.45,83.785,0,0,0
123.93,174.28,7,2,0
201.97,190.25,0,0,0
236.31,126.05,3.5,1,0
241.42,106.16,3.5,1,0
248.15,105.7,0,0,0
243.07,117.67,7,2,0
137.03,138.32,7,2,0
147.97,159.63,0,0,0
204.88,88.33,3.5,1,0
222.13,162.78,7,2,0
242.53,96.908,3.5,1,0
202.16,191.69,3.5,1,0
232.83,137.82,7,2,0
130.64,123.41,0,0,0
209.04,68.75,3.5,1,0
165.37,170.94,3.5,1,0
167.45,64.28400000000001,0,0,0
222.11,72.77200000000001,3.5,1,0
196.36,109.97,7,2,0
220.19,162.75,3.5,1,0
120.41,185.63,7,2,0
239.95,93.387,3.5,1,0
157.24,106.23,3.5,1,0
197.7,211.08,3.5,1,0
178.27,203.62,3.5,1,0
238.33,82.745,3.5,1,0
200.23,207.26,0,0,0
152.99,115.83,7,2,0
234.17,132.51,3.5,1,0
172.76,197.8,3.5,1,0
201.97,194.32,0,0,0
169.95,68.128,3.5,1,0
131.66,148.39,3.5,1,0
247.87,90.099,3.5,1,0
207.09,193.36,0,0,0
203.24,192.39,3.5,1,0
235.32,129.72,0,0,0
183.29,134.6,3.5,1,0
226.69,148.91,3.5,1,0
183.14,58.221,3.5,1,0
221.46,160.07,0,0,0
155.2,90.84,7,2,0
139.25,141.8,3.5,1,0
203.94,198.93,0,0,0
151.31,119.45,7,2,0
161.39,172.54,3.5,1,0
200.09,95.28400000000001,7,2,0
217.8,88.68600000000001,3.5,1,0
249.35,97.821,3.5,1,0
203.51,200.97,0,0,0
126.94,143.47,0,0,0
195.53,116.21,7,2,0
122.41,141.41,0,0,0
196.03,213.11,3.5,1,0
131.08,160.28,7,2,0
187.56,58.711,3.5,1,0
213.52,169.76,3.5,1,0
258.01,92.69499999999999,3.5,1,0
165.66,68.273,0,0,0
180.52,172.2,3.5,1,0
179.67,189.21,3.5,1,0
177.79,195.44,7,2,0
173.09,72.07299999999999,0,0,0
147.48,90.929,0,0,0
191.14,192.87,3.5,1,0
166.43,72.441,7,2,0
205.13,80.32899999999999,3.5,1,0
209.73,86.613,3.5,1,0
184.47,206.43,3.5,1,0
108.54,187.46,0,0,0
243.49,108.37,3.5,1,0
136.75,150.63,7,2,0
241.82,114.29,3.5,1,0
160.57,183.02,3.5,1,0
213.58,88.396,3.5,1,0
170.14,159.26,7,2,0
157.93,190.88,3.5,1,0
205.9,194.87,0,0,0
123.5,175.22,7,2,0
147.58,157.2,3.5,1,0
133.22,158.22,7,2,0
179.69,61.843,3.5,1,0
188.46,208.24,3.5,1,0
214.63,176.02,7,2,0
131.16,158.26,3.5,1,0
248.11,87.91500000000001,3.5,1,0
159.96,87.273,7,2,0
129.77,181.57,0,0,0
167.72,167.69,3.5,1,0
193.94,77.599,3.5,1,0
217.66,168.42,0,0,0
223.95,154.6,0,0,0
204.04,195.32,0,0,0
197.83,103.44,3.5,1,0
194.34,110.93,3.5,1,0
250.55,98.389,3.5,1,0
241.65,120.72,7,2,0
151.7,159.12,3.5,1,0
105.23,185.87,0,0,0
153.41,186.84,7,2,0
234.14,134.98,0,0,0
252.04,99.09099999999999,3.5,1,0
176.65,206.78,3.5,1,0
154.6,75.70699999999999,0,0,0
155.92,109.01,7,2,0
165.92,192.64,7,2,0
170.8,160.51,3.5,1,0
166.69,194.97,3.5,1,0
256.8,96.56100000000001,3.5,1,0
191.2,177.23,3.5,1,0
221.83,159.25,0,0,0
214.78,157.84,3.5,1,0
170.77,76.029,7,2,0
152.08,116.77,3.5,1,0
153.25,78.604,0,0,0
128.82,145.85,0,0,0
171.97,74.72499999999999,0,0,0
125.72,172.52,3.5,1,0
190.45,176.88,3.5,1,0
155.88,109.64,3.5,1,0
247.18,109.42,7,2,0
129.16,157.37,3.5,1,0
247.45,85.38500000000001,3.5,1,0
218.17,169.41,0,0,0
162.19,177.8,3.5,1,0
155.43,110.6,3.5,1,0
195.29,112.24,7,2,0
247.03,108.41,0,0,0
206.48,195.14,0,0,0
227.51,149.37,0,0,0
198.88,192.39,3.5,1,0
159.1,177.56,3.5,1,0
160.09,181.59,3.5,1,0
156.76,107.78,3.5,1,0
243.3,101.43,3.5,1,0
173.61,186.41,3.5,1,0
199.45,207.27,3.5,1,0
252.54,89.998,3.5,1,0
132.28,119.9,0,0,0
228.26,147.77,0,0,0
238.24,109.41,7,2,0
167.65,67.05800000000001,3.5,1,0
182.86,74.123,3.5,1,0
147.39,125.2,7,2,0
148.43,122.93,7,2,0
147.86,155.33,3.5,1,0
228.46,76.59399999999999,3.5,1,0
219.33,164.58,3.5,1,0
169.67,48.136,3.5,1,0
203.7,66.254,3.5,1,0
170.69,74.413,3.5,1,0
223.36,158.29,0,0,0
248.41,103.79,3.5,1,0
197.67,103.78,3.5,1,0
169.03,60.762,0,0,0
203.98,194.01,0,0,0
191.37,175.89,3.5,1,0
241.65,105.7,7,2,0
144.53,130.5,3.5,1,0
215.3,165.92,3.5,1,0
191.64,116.46,7,2,0
208.01,92.17400000000001,3.5,1,0
198.86,208.57,3.5,1,0
252.51,87.97,3.5,1,0
233.08,77.318,3.5,1,0
241.83,107.56,3.5,1,0
134.37,154.01,3.5,1,0
156.22,87.20699999999999,0,0,0
228.5,78.098,3.5,1,0
135.64,152.57,7,2,0
192.6,122.32,7,2,0
154.51,112.5,3.5,1,0
147.37,177.84,0,0,0
133.21,135.93,3.5,1,0
160.17,175.23,3.5,1,0
142,178.98,0,0,0
225.93,150.25,0,0,0
124.62,168.4,3.5,1,0
183.07,134.25,7,2,0
243.05,106.56,0,0,0
174.03,50.187,3.5,1,0
214.48,167.69,3.5,1,0
242.95,94.80200000000001,3.5,1,0
176,146.98,7,2,0
200.59,190.92,0,0,0
205.51,84.652,3.5,1,0
200.35,205.33,3.5,1,0
140.73,181.59,0,0,0
171,75.55,7,2,0
199.94,205.17,0,0,0
207.53,93.166,3.5,1,0
235.87,81.586,3.5,1,0
206.42,91.08199999999999,3.5,1,0
209.87,92.553,3.5,1,0
232.64,74.967,3.5,1,0
168.63,49.128,3.5,1,0
212.59,179.56,0,0,0
196.75,206.75,0,0,0
244.34,107.16,0,0,0
144.5,97.303,0,0,0
133.39,142.26,7,2,0
161.21,179.92,3.5,1,0
237.91,82.544,3.5,1,0
203.36,83.649,3.5,1,0
162.25,89.94799999999999,0,0,0
196.27,215.59,0,0,0
153.93,112.85,3.5,1,0
164.97,168.59,3.5,1,0
196.43,106.43,3.5,1,0
186.18,174.86,3.5,1,0
239.91,124.46,7,2,0
138.47,147.38,7,2,0
211.54,70.72199999999999,3.5,1,0
216.88,170.12,0,0,0
235.39,129.87,3.5,1,0
178.44,144.44,7,2,0
189.53,175.03,3.5,1,0
186.83,124.17,7,2,0
167.1,196.77,3.5,1,0
157.24,107.43,7,2,0
177.78,70.078,3.5,1,0
128.5,146.57,0,0,0
123.68,170.4,3.5,1,0
129.83,142.27,3.5,1,0
149.25,157.98,3.5,1,0
202.57,201.09,0,0,0
214.08,177.21,7,2,0
133.76,144.12,7,2,0
203.1,183,3.5,1,0
152.34,159.41,3.5,1,0
178.6,191.21,3.5,1,0
157.74,189.95,7,2,0
161.05,173.3,3.5,1,0
233.37,134.24,3.5,1,0
237.58,127.75,7,2,0
199.73,190.58,3.5,1,0
153.5,94.417,7,2,0
240.33,93.565,3.5,1,0
217.86,167.97,0,0,0
127.91,129.25,0,0,0
189.71,176.53,3.5,1,0
124.9,145.23,0,0,0
202.32,187.33,0,0,0
120.2,181.33,3.5,1,0
212.53,162.78,3.5,1,0
165.53,70.72499999999999,7,2,0
242.21,107.74,3.5,1,0
256.21,96.283,3.5,1,0
152.74,94.539,0,0,0
161.9,180.41,3.5,1,0
131.85,160.66,7,2,0
139.58,183.96,0,0,0
163.57,167.81,3.5,1,0
216.84,167.2,3.5,1,0
138.28,163.43,0,0,0
187.06,56.36,3.5,1,0
114.57,159.92,0,0,0
167.78,71.90600000000001,3.5,1,0
199.22,196.74,0,0,0
149.9,122.48,7,2,0
148.56,157.66,3.5,1,0
162.04,180.11,3.5,1,0
239.38,97.922,3.5,1,0
165.86,88.81100000000001,7,2,0
165.77,170.09,3.5,1,0
198.42,193.35,3.5,1,0
131.78,138.99,3.5,1,0
204.27,187.15,3.5,1,0
180.98,139.55,3.5,1,0
203.27,183.13,3.5,1,0
197.68,209.24,0,0,0
187.28,125.99,7,2,0
195.77,206.14,7,2,0
188.69,119.63,7,2,0
238.97,122.12,3.5,1,0
185.68,128.53,7,2,0
170.43,161.21,3.5,1,0
237.48,129.67,7,2,0
166.88,71.483,3.5,1,0
158.83,101,7,2,0
240.32,78.61,3.5,1,0
205.13,195.64,0,0,0
126.76,158.18,7,2,0
183.98,129.97,7,2,0
197.49,209.94,3.5,1,0
157.36,192.15,3.5,1,0
164.18,175.43,3.5,1,0
129.89,148.88,3.5,1,0
205.42,192.26,0,0,0
131.84,158.57,3.5,1,0
210.26,182.53,3.5,1,0
194.53,59.858,3.5,1,0
189.45,207.38,3.5,1,0
258.25,92.806,3.5,1,0
239.58,99.705,3.5,1,0
223.39,160.09,7,2,0
205.57,194.73,0,0,0
204.79,196.38,0,0,0
187.41,125.7,7,2,0
186.97,188.03,0,0,0
202.97,191.99,0,0,0
204.77,198.05,3.5,1,0
207.83,191.8,0,0,0
234.54,75.869,3.5,1,0
168.64,81.902,0,0,0
137.34,144.23,7,2,0
149.91,121.37,3.5,1,0
204.91,197.97,0,0,0
183.01,205.77,3.5,1,0
140.77,158.13,0,0,0
163.34,181.65,3.5,1,0
225.17,156.3,7,2,0
236.95,82.087,3.5,1,0
167.81,183.72,3.5,1,0
225.05,154.66,0,0,0
130.68,158.05,3.5,1,0
245.76,93.676,3.5,1,0
204,187.76,3.5,1,0
162.33,170.51,3.5,1,0
172.87,153.67,7,2,0
205.11,181.99,3.5,1,0
238.66,125.47,7,2,0
196.56,206.16,3.5,1,0
158.74,171.82,0,0,0
158.27,101.79,3.5,1,0
170.46,68.36199999999999,3.5,1,0
145.43,129.43,7,2,0
199.29,199.05,0,0,0
251.15,93.887,3.5,1,0
125.58,166.35,3.5,1,0
165.26,86.371,0,0,0
220.05,164.26,7,2,0
173.83,162.82,3.5,1,0
210.94,185.21,0,0,0
173.52,71.059,0,0,0
202.53,81.58799999999999,3.5,1,0
169.13,166.82,3.5,1,0
137.85,145.87,7,2,0
172.35,52.048,3.5,1,0
187.87,123.92,3.5,1,0
204.93,64.739,3.5,1,0
183.76,187.79,0,0,0
152.01,81.245,0,0,0
172.95,160.64,7,2,0
225.25,151.99,3.5,1,0
253.88,88.59399999999999,3.5,1,0
192.01,119.21,7,2,0
162.22,170.75,3.5,1,0
254.73,88.973,3.5,1,0
230.9,139.07,0,0,0
192.5,58.911,3.5,1,0
154.89,111.71,3.5,1,0
158.86,186.91,7,2,0
155.53,88.678,0,0,0
199.42,62.154,3.5,1,0
122.62,146.18,0,0,0
141.5,135.2,7,2,0
193.7,192.42,0,0,0
137.67,146.11,3.5,1,0
141.54,140.45,7,2,0
242.98,113.08,0,0,0
171.33,156.97,7,2,0
156.93,104.75,3.5,1,0
124.55,192.71,0,0,0
177.78,143.21,7,2,0
175.56,209.26,3.5,1,0
157.2,176.96,3.5,1,0
198.14,110.77,7,2,0
202.81,193.47,0,0,0
241.76,106.3,3.5,1,0
122.92,175.35,3.5,1,0
131.32,141.31,3.5,1,0
160.36,170.44,3.5,1,0
124.99,142.59,0,0,0
199.01,208.25,3.5,1,0
167.2,82.102,3.5,1,0
202.73,187.54,0,0,0
210.94,171.59,3.5,1,0
159.71,182.54,3.5,1,0
194.71,192.89,0,0,0
205.86,194.09,0,0,0
230.4,144.14,7,2,0
206.69,89.923,3.5,1,0
133.91,140.25,7,2,0
169.34,195.37,7,2,0
203.89,181.44,3.5,1,0
137.95,148.16,7,2,0
129.41,157.48,3.5,1,0
132.64,141.93,3.5,1,0
171.55,55.135,0,0,0
226.4,150.52,7,2,0
186.32,74.056,3.5,1,0
200,198.44,3.5,1,0
175.78,187.41,3.5,1,0
199.06,208.93,7,2,0
136.62,145.47,7,2,0
119.44,186.01,3.5,1,0
185.6,129.67,3.5,1,0
208.09,185.31,3.5,1,0
138.55,144.84,7,2,0
184.61,174.13,3.5,1,0
159.82,184.88,7,2,0
243.92,109.8,3.5,1,0
187.66,125.25,3.5,1,0
218.16,168.37,7,2,0
207.28,93.679,3.5,1,0
193.05,110.34,7,2,0
192.24,204.17,3.5,1,0
119.48,179.44,3.5,1,0
189.76,120.74,3.5,1,0
197.08,198.05,0,0,0
171.7,76.20699999999999,7,2,0
158.77,103.22,0,0,0
197.62,198.3,0,0,0
137.61,150.83,3.5,1,0
232.77,137.81,0,0,0
128.92,144.39,0,0,0
134.79,153.11,3.5,1,0
222.75,159.6,0,0,0
217.75,172.08,7,2,0
136.59,150.94,7,2,0
135.94,112.08,0,0,0
161.88,94.617,7,2,0
165.06,87.964,7,2,0
106.19,177.12,0,0,0
104.36,180.87,0,0,0
206.33,182.55,3.5,1,0
126.36,167.81,3.5,1,0
214.52,163.84,3.5,1,0
198.14,102.77,3.5,1,0
177.23,71.515,3.5,1,0
239.68,124.96,7,2,0
195.14,108.95,7,2,0
247.88,107.24,7,2,0
246.95,87.43600000000001,3.5,1,0
197.4,211.71,3.5,1,0
209.67,187.9,0,0,0
198.31,110.42,7,2,0
243.81,114.82,0,0,0
125.32,175,7,2,0
167.08,164.61,3.5,1,0
210.74,181.62,3.5,1,0
186.16,188.9,0,0,0
155.67,188.49,3.5,1,0
234.36,131.74,0,0,0
208.35,183.95,0,0,0
134.34,171.82,0,0,0
181.84,56.037,3.5,1,0
173.67,196.14,7,2,0
157.71,175.91,3.5,1,0
244.88,113.77,7,2,0
167.75,83.83,0,0,0
156.59,189.43,7,2,0
161.6,175.81,3.5,1,0
164.71,174.28,3.5,1,0
132.85,159.28,7,2,0
165.6,85.63500000000001,3.5,1,0
160.47,170.2,3.5,1,0
227.42,151.51,7,2,0
202.61,63.647,3.5,1,0
102.55,184.59,0,0,0
167.19,71.639,3.5,1,0
193.7,79.15900000000001,3.5,1,0
243.73,114.73,7,2,0
200.94,190.19,0,0,0
167.06,82.48099999999999,0,0,0
194.03,192.58,0,0,0
157.52,161.81,3.5,1,0
162.32,93.69199999999999,7,2,0
160.36,165.13,0,0,0
195.62,191.92,0,0,0
158.43,192.66,3.5,1,0
173.8,70.724,7,2,0
170.25,77.857,3.5,1,0
108.45,172.47,0,0,0
205.34,188.1,3.5,1,0
157.47,189.36,3.5,1,0
248.3,105.33,0,0,0
223.2,153.53,3.5,1,0
148.27,157.52,3.5,1,0
231.26,138.32,0,0,0
224.14,155.4,7,2,0
162.49,166.05,3.5,1,0
243.98,108.11,0,0,0
144.37,130.82,3.5,1,0
153.73,93.91500000000001,7,2,0
242.95,108.11,3.5,1,0
210.16,182.72,3.5,1,0
194.44,77.833,3.5,1,0
146.77,128.04,3.5,1,0
235.36,128.08,3.5,1,0
157.58,85.81399999999999,7,2,0
171.85,54.444,0,0,0
173.94,200.95,3.5,1,0
208.13,96.074,3.5,1,0
199.61,199.2,0,0,0
171.79,75.11499999999999,0,0,0
199.12,209.58,0,0,0
181.17,139.15,3.5,1,0
183.37,205.93,3.5,1,0
196.34,192.24,0,0,0
123.02,171.82,3.5,1,0
146.23,129.19,3.5,1,0
207.4,186.08,0,0,0
230.04,144.84,7,2,0
170.13,208.89,3.5,1,0
216.29,163.79,3.5,1,0
245.96,87.012,3.5,1,0
158.74,192.32,3.5,1,0
135.86,150.84,3.5,1,0
140.18,138,7,2,0
243.32,108.29,3.5,1,0
196.03,178.04,3.5,1,0
200.76,62.778,3.5,1,0
244.67,109.77,3.5,1,0
213.67,177.18,0,0,0
229.92,143.62,0,0,0
227.55,76.15900000000001,3.5,1,0
133.71,157.09,7,2,0
217.22,157.8,3.5,1,0
194.5,206.6,3.5,1,0
138.24,147.57,7,2,0
168.24,73.288,7,2,0
126.37,164.66,3.5,1,0
199.11,191.9,3.5,1,0
138.96,142.4,3.5,1,0
215.08,176.04,0,0,0
245.25,111.75,0,0,0
165.2,168.1,3.5,1,0
191.79,205.32,3.5,1,0
129.37,159.45,7,2,0
201.21,199,3.5,1,0
190.32,192.48,3.5,1,0
198.65,101.44,7,2,0
164.73,70.357,7,2,0
135.03,170.35,0,0,0
139.39,184.36,0,0,0
189.08,118.81,7,2,0
140.8,140.72,3.5,1,0
171.51,206.02,3.5,1,0
256.65,94.255,3.5,1,0
190.88,60.26,3.5,1,0
238.29,94.89100000000001,3.5,1,0
173.35,72.63,3.5,1,0
207.05,193.15,3.5,1,0
173.37,152.61,7,2,0
179.66,59.068,3.5,1,0
176.13,212.32,3.5,1,0
249.15,88.39400000000001,3.5,1,0
174.75,198.73,3.5,1,0
189.47,190.45,0,0,0
131.11,178.71,0,0,0
221.38,162.52,0,0,0
204.37,196.01,3.5,1,0
202.93,189.96,3.5,1,0
161.76,167.55,3.5,1,0
206.78,187.3,3.5,1,0
196.04,110.64,7,2,0
190.14,209.01,3.5,1,0
169.8,72.608,7,2,0
252.39,99.259,3.5,1,0
214.94,171.27,3.5,1,0
129.07,159.31,7,2,0
181.66,137.35,7,2,0
217.66,72.78400000000001,3.5,1,0
183.29,57.909,3.5,1,0
171.66,160.01,7,2,0
240.03,118.11,3.5,1,0
163.54,164.19,3.5,1,0
205.99,188.9,3.5,1,0
118.38,152.09,0,0,0
150.27,160.64,0,0,0
136.43,143.74,3.5,1,0
218.43,166.72,0,0,0
162.1,171.01,3.5,1,0
147.17,155.01,3.5,1,0
135.06,152.54,3.5,1,0
142.79,100.95,0,0,0
139.78,141.69,7,2,0
206.86,65.64100000000001,3.5,1,0
179.83,171.86,3.5,1,0
165.57,72.196,3.5,1,0
198.72,208.87,3.5,1,0
184.61,130.88,7,2,0
163.81,171.06,3.5,1,0
203.92,83.917,3.5,1,0
173.45,72.441,3.5,1,0
162.1,192.83,3.5,1,0
133.99,116.26,0,0,0
123.53,177.23,3.5,1,0
166.26,84.18600000000001,0,0,0
175.03,210.5,3.5,1,0
166.72,196.59,3.5,1,0
209.14,185.8,3.5,1,0
156.34,108.65,3.5,1,0
245.41,88.94,3.5,1,0
127.98,164.26,3.5,1,0
120.63,193.21,0,0,0
155.05,110.7,7,2,0
135.25,137.45,7,2,0
126.77,146.08,0,0,0
108.59,183.36,0,0,0
199.76,206.6,3.5,1,0
215.64,156.05,3.5,1,0
205.1,185.27,3.5,1,0
107.1,182.63,0,0,0
132.31,137.87,3.5,1,0
151.4,118.21,3.5,1,0
199.93,192.17,0,0,0
190.39,116.01,7,2,0
259.29,91.012,3.5,1,0
223.21,156.24,0,0,0
137.67,187.88,0,0,0
243.44,115.62,0,0,0
247.55,107.19,0,0,0
120.49,183.75,3.5,1,0
215.99,69.90900000000001,3.5,1,0
172.81,196.96,7,2,0
166.83,72.809,3.5,1,0
123.08,179.85,7,2,0
166.98,86.38200000000001,7,2,0
206.78,195.28,0,0,0
144.82,153.9,3.5,1,0
211.39,181.98,3.5,1,0
179.22,66.31100000000001,3.5,1,0
190.42,119.05,7,2,0
206.91,190.49,3.5,1,0
206.81,91.27200000000001,3.5,1,0
186.21,204.15,3.5,1,0
252.76,99.437,3.5,1,0
217.1,162.04,3.5,1,0
207.39,187.95,0,0,0
158.55,172.21,0,0,0
151.25,116.83,7,2,0
193.45,123.49,7,2,0
177.03,210.21,3.5,1,0
144.85,132.13,3.5,1,0
158.14,68.151,0,0,0
130.66,163.42,7,2,0
204.88,199.37,0,0,0
211.03,76.851,3.5,1,0
146.52,183.99,7,2,0
159.83,98.919,7,2,0
245.38,107.64,0,0,0
152.11,95.854,0,0,0
133.69,140.71,7,2,0
128.51,168.09,7,2,0
115.23,186.57,0,0,0
144.94,158.27,0,0,0
171.55,156.49,7,2,0
236.76,126.68,0,0,0
143.46,157.62,0,0,0
195.07,179.06,3.5,1,0
134.12,172.3,0,0,0
168.68,50.365,3.5,1,0
165.56,195.7,3.5,1,0
191.28,206.53,3.5,1,0
203.49,184.71,0,0,0
203.9,198.27,0,0,0
203.05,196.45,0,0,0
152.44,116.01,3.5,1,0
133.11,118.14,0,0,0
136.2,151.55,7,2,0
208.65,72.182,3.5,1,0
210.07,182.89,3.5,1,0
199.36,191.36,3.5,1,0
163.59,171.55,3.5,1,0
154.97,108.12,3.5,1,0
120.2,193.01,0,0,0
184.99,174.3,3.5,1,0
169.77,72.842,3.5,1,0
201.66,186.53,3.5,1,0
139.38,141.51,3.5,1,0
240.91,107.24,7,2,0
200.37,98.003,3.5,1,0
199.21,206.22,3.5,1,0
230.86,143.23,7,2,0
248.76,84.449,3.5,1,0
205.5,194.86,0,0,0
138,144.45,3.5,1,0
245.85,89.152,3.5,1,0
116.77,155.4,0,0,0
210.27,186.64,0,0,0
208.53,82.334,3.5,1,0
146.21,156.57,3.5,1,0
199.22,194.67,0,0,0
207.14,186.57,3.5,1,0
142.55,135.67,7,2,0
209.09,187.24,0,0,0
177.78,71.761,3.5,1,0
218.38,71.03400000000001,3.5,1,0
194.95,124.15,7,2,0
206.04,90.893,3.5,1,0
198.07,194.46,0,0,0
205.36,90.46899999999999,7,2,0
174.93,185.26,3.5,1,0
164.09,173.71,3.5,1,0
139.71,143.04,3.5,1,0
151.84,115.55,7,2,0
176.2,212.15,3.5,1,0
144.48,155.76,3.5,1,0
200.43,203.54,3.5,1,0
173.97,197.49,7,2,0
204.08,196.92,0,0,0
218.65,166.02,3.5,1,0
136.84,150.38,7,2,0
180.2,64.283,3.5,1,0
164.18,166.47,3.5,1,0
154.36,91.11799999999999,0,0,0
238.65,95.05800000000001,3.5,1,0
210.44,186.27,0,0,0
187.69,192.93,3.5,1,0
174.68,169.43,3.5,1,0
163.83,195.22,3.5,1,0
157.94,189.59,3.5,1,0
162.86,176.36,3.5,1,0
191.94,191.61,0,0,0
220.19,165.08,0,0,0
130.88,122.91,0,0,0
121.42,179.68,7,2,0
154.52,111.73,7,2,0
158.98,186.94,3.5,1,0
218.98,165.51,0,0,0
161.34,194.03,3.5,1,0
203.47,185.44,3.5,1,0
184.55,191.48,3.5,1,0
164.45,88.10899999999999,0,0,0
190.09,203.57,7,2,0
181.89,190.24,3.5,1,0
205.34,186.64,0,0,0
157.07,177.21,3.5,1,0
183.29,56.716,3.5,1,0
121.18,144.46,0,0,0
243.08,107.67,0,0,0
166.75,169.81,3.5,1,0
203.72,193.65,3.5,1,0
211.51,181.74,3.5,1,0
195.72,215.38,3.5,1,0
136.58,167.05,0,0,0
208.35,188.81,0,0,0
193.43,112.87,3.5,1,0
170.04,161.02,3.5,1,0
137.27,109.24,0,0,0
161.5,89.636,0,0,0
189.25,121.82,3.5,1,0
165.74,165.21,3.5,1,0
164.1,72.096,7,2,0
168.23,71.527,0,0,0
206,185.17,0,0,0
153.77,113.17,3.5,1,0
171.04,160.8,3.5,1,0
150.17,119.17,7,2,0
201.26,189.5,0,0,0
203.13,199.5,3.5,1,0
126.85,166.74,3.5,1,0
195.1,105.94,7,2,0
205.04,187.32,0,0,0
156.93,175.6,0,0,0
174.51,207.65,3.5,1,0
141.04,136.18,7,2,0
227.03,145.56,3.5,1,0
236.7,125.21,3.5,1,0
207,76.01600000000001,3.5,1,0
176.61,201.16,3.5,1,0
170.95,74.09,0,0,0
215.94,160.72,3.5,1,0
168.05,193.59,7,2,0
140.17,159.41,0,0,0
226.05,152.52,0,0,0
223.03,157.81,7,2,0
230.15,139.19,3.5,1,0
179.82,58.722,3.5,1,0
249.15,102.41,3.5,1,0
133.93,156.6,7,2,0
172,67.404,3.5,1,0
205.68,65.084,3.5,1,0
186.26,205.86,3.5,1,0
134.13,133.97,3.5,1,0
206.5,194.61,0,0,0
214.62,175.09,0,0,0
142.12,135.64,3.5,1,0
190.62,204.76,3.5,1,0
201.13,93.066,7,2,0
207.52,187.66,0,0,0
181.71,207.66,3.5,1,0
180.97,59.112,3.5,1,0
208.31,82.825,3.5,1,0
202.72,190.64,0,0,0
214.68,158.06,3.5,1,0
131.58,121.42,0,0,0
170.42,73.143,3.5,1,0
198.22,196.27,0,0,0
212.03,182.48,0,0,0
105.18,183.92,0,0,0
206.78,190.76,3.5,1,0
204.49,195.73,3.5,1,0
129.15,159.06,3.5,1,0
191.65,116.68,3.5,1,0
198.79,207.12,3.5,1,0
245.82,102.59,3.5,1,0
160.17,80.364,7,2,0
195.08,205.48,3.5,1,0
201.58,180.61,3.5,1,0
150.51,99.242,0,0,0
168.7,195.9,3.5,1,0
161.06,166.98,0,0,0
248.36,106.13,7,2,0
200.78,197.46,0,0,0
133.15,142.18,3.5,1,0
220.04,89.03100000000001,3.5,1,0
228.48,149.26,7,2,0
218.44,163.77,3.5,1,0
199.73,193.48,3.5,1,0
255.93,89.508,3.5,1,0
174.3,153.82,3.5,1,0
184.41,131.32,7,2,0
176.55,203.29,3.5,1,0
195.85,111.05,7,2,0
207.74,186.25,0,0,0
201.88,180.76,3.5,1,0
209.05,170.11,3.5,1,0
160.66,97.169,7,2,0
215.09,157.2,3.5,1,0
223.81,75.669,3.5,1,0
162.35,92.812,3.5,1,0
197.47,103.96,7,2,0
176.46,195.68,3.5,1,0
183.55,186.51,0,0,0
250.58,83.479,3.5,1,0
131.24,140.16,3.5,1,0
172.87,167.31,3.5,1,0
253.13,99.604,3.5,1,0
146.45,126.38,3.5,1,0
252.39,94.47799999999999,3.5,1,0
204.74,197.23,0,0,0
210.85,180.08,3.5,1,0
176.26,203.91,3.5,1,0
246.65,109.17,7,2,0
155.25,158.8,3.5,1,0
235.81,128.98,3.5,1,0
243.29,81.964,3.5,1,0
238.23,121.95,3.5,1,0
232.94,139.42,7,2,0
129.77,147.61,3.5,1,0
206.25,194.87,3.5,1,0
179.39,62.489,3.5,1,0
168.87,163.81,3.5,1,0
155.94,187.34,3.5,1,0
157.83,88.087,0,0,0
174.34,150.54,7,2,0
232.96,137.43,0,0,0
223.8,157.34,0,0,0
247.8,106.57,0,0,0
225.56,151.06,0,0,0
151.73,117.51,3.5,1,0
145.98,130.89,7,2,0
214.44,175.51,0,0,0
128.2,158.88,7,2,0
194.44,110.44,7,2,0
200.06,195.06,0,0,0
205.19,186.98,0,0,0
211.31,71.235,3.5,1,0
177.88,192.71,3.5,1,0
220.87,161.3,3.5,1,0
163.85,89.491,3.5,1,0
255.58,95.982,3.5,1,0
205.48,192.07,0,0,0
159.61,187.64,7,2,0
212.54,168.13,3.5,1,0
204.27,192.48,3.5,1,0
164.02,91.43000000000001,3.5,1,0
168.76,166.64,3.5,1,0
174.35,50.343,3.5,1,0
157.59,188.11,3.5,1,0
179.82,208.33,3.5,1,0
118.12,152.62,0,0,0
245.92,111.55,7,2,0
211.21,165.3,3.5,1,0
191.94,112.7,7,2,0
129.12,145.19,0,0,0
178.73,190.94,3.5,1,0
254.17,100.09,3.5,1,0
192.11,115.69,3.5,1,0
158.34,104.16,0,0,0
156.18,187.46,3.5,1,0
132.86,148.88,3.5,1,0
136.56,150.4,3.5,1,0
173.05,70.691,3.5,1,0
165.39,88.922,0,0,0
243.38,92.562,3.5,1,0
135.8,191.98,0,0,0
245.28,95.905,3.5,1,0
201.43,65.196,3.5,1,0
204.98,188.86,3.5,1,0
235.04,76.10299999999999,3.5,1,0
199.47,96.61,7,2,0
231.75,78.16500000000001,3.5,1,0
244.18,114.04,0,0,0
191.51,78.145,3.5,1,0
169.17,182.56,3.5,1,0
144.48,132.91,3.5,1,0
204.38,181.66,3.5,1,0
179.31,204.09,3.5,1,0
114.5,190.29,0,0,0
162.6,95.854,7,2,0
246.81,96.629,3.5,1,0
165.95,171.55,3.5,1,0
162.01,76.509,7,2,0
210.37,182.34,3.5,1,0
244.09,109.44,3.5,1,0
198.65,210.59,0,0,0
128.8,183.63,0,0,0
171.65,159.39,7,2,0
167.47,196.95,3.5,1,0
138.69,135.21,7,2,0
243.57,112.14,3.5,1,0
158.63,178.6,3.5,1,0
205.41,196.68,3.5,1,0
203.7,184.25,0,0,0
181.89,188.52,3.5,1,0
168.76,182.36,3.5,1,0
241.06,106.92,7,2,0
177.63,54.064,3.5,1,0
143.53,133.55,7,2,0
148.5,124.38,3.5,1,0
212.86,161.98,3.5,1,0
241.77,116.04,3.5,1,0
246.34,102.84,3.5,1,0
138.78,146.38,7,2,0
127.11,158.06,3.5,1,0
159.7,162.83,3.5,1,0
122.63,172.66,3.5,1,0
182.29,188.71,3.5,1,0
223.38,75.46899999999999,3.5,1,0
215.25,177.43,7,2,0
203.94,190.84,3.5,1,0
128.21,156.93,3.5,1,0
245.43,111.13,7,2,0
174.96,198.81,3.5,1,0
205.19,197.14,3.5,1,0
175.57,201.24,3.5,1,0
206.68,91.038,7,2,0
163.05,93.547,3.5,1,0
260.84,109.54,3.5,1,0
121.36,145.62,0,0,0
228.68,144.63,3.5,1,0
153.83,187.6,3.5,1,0
201.42,187.03,3.5,1,0
158.94,86.80500000000001,7,2,0
141.09,137.86,3.5,1,0
195.95,208.59,0,0,0
237.56,125.17,3.5,1,0
207.81,189.95,0,0,0
185.86,55.802,3.5,1,0
242.33,107.07,7,2,0
225.39,155.83,7,2,0
103.33,183,0,0,0
198.49,210.92,0,0,0
195.91,195.1,3.5,1,0
172.07,161.45,7,2,0
131.51,177.85,0,0,0
203.11,91.88500000000001,7,2,0
196.23,206.34,7,2,0
193.75,108.83,7,2,0
164.21,173.44,3.5,1,0
202.06,201.96,3.5,1,0
175.18,202.04,3.5,1,0
139.01,137.14,7,2,0
195.91,207.56,7,2,0
212.54,179.04,3.5,1,0
172.59,157.31,7,2,0
169.81,50.889,3.5,1,0
203.96,88.386,7,2,0
211,181.13,3.5,1,0
160.46,85.602,7,2,0
158.76,173.73,3.5,1,0
244.87,109.07,0,0,0
242.09,87.369,3.5,1,0
195.79,196.68,3.5,1,0
182.66,205.61,3.5,1,0
180.27,140.43,7,2,0
242.47,117.41,7,2,0
149.31,121.03,7,2,0
173.17,160.75,7,2,0
194.66,196.16,3.5,1,0
201.45,194.07,0,0,0
133.37,157.86,7,2,0
180.79,203.23,3.5,1,0
231.61,137.56,0,0,0
130.24,180.57,0,0,0
240.7,117.92,0,0,0
199.23,191.64,3.5,1,0
188.52,202.87,7,2,0
206.17,77.93300000000001,3.5,1,0
129.26,144.85,0,0,0
197.96,196.15,0,0,0
226.41,146.63,3.5,1,0
159.86,193.33,3.5,1,0
200.66,198.75,3.5,1,0
160.46,99.587,0,0,0
172.9,162.37,3.5,1,0
230.71,139.47,0,0,0
127.27,156.52,3.5,1,0
257.75,92.572,3.5,1,0
185.78,126.39,7,2,0
252.12,101.48,3.5,1,0
166.62,71.20399999999999,7,2,0
206.72,193.86,3.5,1,0
207.16,189.96,3.5,1,0
205.61,89.38800000000001,3.5,1,0
201.9,200.49,3.5,1,0
200.05,64.54900000000001,3.5,1,0
206.69,94.893,3.5,1,0
243.83,106.91,0,0,0
206.13,182.97,0,0,0
191.66,122.7,7,2,0
150.4,121.41,7,2,0
167.97,80.431,3.5,1,0
155.38,110.05,7,2,0
198.73,63.937,3.5,1,0
123.51,138.66,0,0,0
116.53,155.9,0,0,0
251.77,85.83,3.5,1,0
210.41,73.252,3.5,1,0
250.83,87.145,3.5,1,0
209.09,71.16800000000001,3.5,1,0
156.94,189.1,3.5,1,0
168.65,162.66,7,2,0
213.58,71.25700000000001,3.5,1,0
247.35,94.423,3.5,1,0
233.38,136.67,7,2,0
243.07,116.41,0,0,0
200.06,207.6,0,0,0
191.8,116.36,3.5,1,0
147.3,126.93,3.5,1,0
174.67,186.9,3.5,1,0
168.38,79.506,3.5,1,0
166.55,66.27800000000001,0,0,0
203.48,190.85,0,0,0
192.1,205.46,3.5,1,0
163.12,194.89,3.5,1,0
110.54,188.4,0,0,0
163.06,168.91,3.5,1,0
227.37,144.85,3.5,1,0
162.25,174.41,3.5,1,0
131.07,141.19,3.5,1,0
201.57,197.63,3.5,1,0
204.5,191.99,3.5,1,0
227.59,77.664,3.5,1,0
217.91,160.31,3.5,1,0
205.04,185.4,3.5,1,0
196.2,206,3.5,1,0
171.03,73.432,3.5,1,0
220.85,165.5,7,2,0
184.79,128.26,7,2,0
187.8,56.716,3.5,1,0
185.88,207.07,3.5,1,0
201.75,202.66,3.5,1,0
174.21,199.98,3.5,1,0
201.32,190.06,3.5,1,0
181.68,134.89,7,2,0
187.79,124.11,3.5,1,0
159.2,66.056,0,0,0
199.03,206.82,0,0,0
202.55,202.8,0,0,0
211.3,165.09,3.5,1,0
194.04,119.32,7,2,0
208.43,95.473,3.5,1,0
146.49,184.63,7,2,0
241.96,118.77,0,0,0
162.45,75.572,7,2,0
203.58,64.10299999999999,3.5,1,0
124.48,136.6,0,0,0
154.09,180.82,0,0,0
182.19,133.8,7,2,0
161.24,66.947,0,0,0
196.5,207.33,0,0,0
183.03,190.77,3.5,1,0
220.04,163.2,0,0,0
172.13,185.73,3.5,1,0
154.29,186.57,3.5,1,0
160.83,180.72,3.5,1,0
165.3,167.89,3.5,1,0
162.73,176.65,3.5,1,0
239.35,95.393,3.5,1,0
163.1,91.16200000000001,3.5,1,0
204.31,195.45,0,0,0
186.81,126.95,7,2,0
205.13,190.66,3.5,1,0
195.86,215.07,3.5,1,0
220.69,162.89,7,2,0
170,209.18,3.5,1,0
158.94,102.52,3.5,1,0
224.04,151.71,3.5,1,0
148.09,89.636,0,0,0
131.21,160.09,3.5,1,0
207.4,90.26900000000001,3.5,1,0
203.36,201.26,0,0,0
200.04,204.4,3.5,1,0
139.59,139.25,7,2,0
154.76,111.27,7,2,0
204.14,82.334,3.5,1,0
173.17,161.96,7,2,0
185.17,127.45,7,2,0
132.39,141.82,3.5,1,0
169.97,72.307,0,0,0
243.46,116.81,7,2,0
178.16,212.18,3.5,1,0
248.85,99.916,3.5,1,0
206.25,189.41,0,0,0
240.68,121.2,7,2,0
206.27,191.89,3.5,1,0
156.72,177.94,3.5,1,0
192.31,122.99,7,2,0
167.45,72.92,7,2,0
190.19,119.56,7,2,0
203.46,91.13800000000001,7,2,0
198.02,197.16,3.5,1,0
158.15,186.34,3.5,1,0
170.2,75.706,0,0,0
207.64,65.998,3.5,1,0
137.26,188.72,0,0,0
124.72,136.07,0,0,0
111.05,188.65,0,0,0
162.04,86.32599999999999,7,2,0
225.98,150.42,3.5,1,0
128.95,158.96,3.5,1,0
234.18,132.13,0,0,0
177.14,209.96,3.5,1,0
161.76,180.72,3.5,1,0
116.2,187.04,0,0,0
166.64,196.22,3.5,1,0
247.68,107.68,7,2,0
139.34,136.43,7,2,0
158.69,100.53,0,0,0
125.53,172.93,3.5,1,0
224.09,154.47,3.5,1,0
131.9,143.24,7,2,0
187.75,124.2,3.5,1,0
223.4,153.1,3.5,1,0
144.04,157.88,0,0,0
206.9,89.678,7,2,0
177.27,144.27,7,2,0
229.15,73.318,3.5,1,0
221.87,156.39,3.5,1,0
251.72,101.29,3.5,1,0
172.62,71.59399999999999,3.5,1,0
198.81,210.25,0,0,0
125.72,174.12,7,2,0
178.5,64.383,3.5,1,0
129.38,159.17,3.5,1,0
158.27,84.36499999999999,7,2,0
205,66.867,3.5,1,0
202.74,190.38,3.5,1,0
245.5,84.483,3.5,1,0
134.5,151.06,3.5,1,0
243.14,85.85299999999999,3.5,1,0
139.19,184.76,0,0,0
174.89,152.56,3.5,1,0
195.77,213.7,3.5,1,0
205.38,195.97,0,0,0
196.34,207.69,0,0,0
163.42,67.89400000000001,0,0,0
196.88,195.38,3.5,1,0
201.89,65.407,3.5,1,0
231,142.95,7,2,0
222.18,158.5,0,0,0
204.6,183.01,3.5,1,0
200.43,204.27,0,0,0
240.71,93.74299999999999,3.5,1,0
193.52,109.34,7,2,0
230.01,143.48,0,0,0
181.47,61.675,3.5,1,0
194.95,191.62,0,0,0
197.03,104.91,7,2,0
231.69,74.51000000000001,3.5,1,0
236.29,130.51,0,0,0
187.83,124.01,3.5,1,0
206.62,187.63,3.5,1,0
195.54,108.36,3.5,1,0
213.86,176.77,0,0,0
142.71,177.54,0,0,0
205.28,192.55,0,0,0
216.09,172.85,7,2,0
135.91,152.33,7,2,0
197.22,213.58,0,0,0
212.23,177.1,3.5,1,0
163.14,175.74,3.5,1,0
244.82,86.544,3.5,1,0
196.43,215.26,0,0,0
173.06,199.41,3.5,1,0
200.09,193.41,0,0,0
205.3,196.91,3.5,1,0
199.29,208.45,7,2,0
218.64,163.33,3.5,1,0
204.65,88.68600000000001,7,2,0
206.69,89.589,7,2,0
197.4,178.68,3.5,1,0
206.6,189.68,0,0,0
163.87,92.20999999999999,0,0,0
167.25,166.88,3.5,1,0
151.98,161.41,0,0,0
171.79,159.18,3.5,1,0
172.65,74.157,7,2,0
186.25,55.992,3.5,1,0
203.3,199.11,3.5,1,0
175.12,198.48,3.5,1,0
164.73,90.349,0,0,0
158.81,66.72499999999999,0,0,0
179.17,171.55,3.5,1,0
190.04,120.12,3.5,1,0
221.25,164.64,7,2,0
183.94,72.953,3.5,1,0
142.59,101.39,0,0,0
165.19,86.54900000000001,3.5,1,0
167.62,83.58499999999999,3.5,1,0
118.76,185.34,7,2,0
195.97,62.644,3.5,1,0
204.98,190.97,3.5,1,0
238.14,109.62,7,2,0
176.1,204.25,3.5,1,0
173.32,205.96,3.5,1,0
213.88,178.62,0,0,0
192.26,115.38,3.5,1,0
239.03,107.75,7,2,0
121.15,175.8,3.5,1,0
122.65,180.78,7,2,0
247.5,99.27,3.5,1,0
211.54,67.825,3.5,1,0
239.59,106.57,7,2,0
172.92,156.59,7,2,0
168.01,166.29,3.5,1,0
153.13,114.54,3.5,1,0
196.98,212.65,3.5,1,0
126.71,131.8,0,0,0
170.12,51.034,3.5,1,0
179.94,208.05,3.5,1,0
208.3,183.45,3.5,1,0
212.86,171.16,3.5,1,0
133.49,141.14,7,2,0
196.14,107.05,3.5,1,0
183.82,191.13,3.5,1,0
178.48,193.97,7,2,0
167.14,168.94,3.5,1,0
171.37,161.11,7,2,0
221.65,159.66,0,0,0
215.83,160.97,3.5,1,0
140.34,182.4,0,0,0
220.01,165.48,0,0,0
156.4,163.37,0,0,0
208.33,187.41,3.5,1,0
127.3,158.15,3.5,1,0
199.78,99.251,3.5,1,0
206.75,192.21,0,0,0
198.87,179.36,3.5,1,0
191.36,117.32,3.5,1,0
157.08,191.5,3.5,1,0
140.64,138.8,3.5,1,0
192.94,204.5,3.5,1,0
198.39,196.1,3.5,1,0
134.1,144.27,7,2,0
134.04,156.35,7,2,0
128.68,157.15,3.5,1,0
126.29,145.86,0,0,0
247.87,106.41,0,0,0
177.65,203.34,3.5,1,0
216.19,72.104,3.5,1,0
178.82,187.09,3.5,1,0
186.55,192.4,3.5,1,0
128.1,168.97,7,2,0
247.13,105.6,0,0,0
159.82,175.99,3.5,1,0
169.01,72.26300000000001,7,2,0
225.04,152.2,0,0,0
179.63,191.54,7,2,0
197.96,195.9,3.5,1,0
215.71,172.71,0,0,0
196.56,213.55,3.5,1,0
218.15,90.524,3.5,1,0
155.99,159.15,3.5,1,0
254.44,88.839,3.5,1,0
215.97,169.06,3.5,1,0
176.42,207.29,3.5,1,0
164.34,92.087,7,2,0
167.94,71.404,0,0,0
145.56,128.28,3.5,1,0
197.2,213.03,7,2,0
201.85,202.43,3.5,1,0
160.66,182.83,3.5,1,0
205.4,197.53,0,0,0
173.25,72.80800000000001,3.5,1,0
164.32,175.13,3.5,1,0
173.43,199.78,3.5,1,0
168.96,78.236,3.5,1,0
245.12,107.52,0,0,0
163.47,93.057,0,0,0
254.25,95.358,3.5,1,0
159.27,88.7,0,0,0
204.09,183.42,0,0,0
137.21,133.39,7,2,0
209.42,185.93,3.5,1,0
242.69,117.21,0,0,0
204.29,184.56,0,0,0
196.57,214.4,7,2,0
240.09,108.93,7,2,0
197.11,212.35,3.5,1,0
199.49,99.875,3.5,1,0
223.32,90.535,3.5,1,0
159.04,100.58,7,2,0
119.84,186.85,7,2,0
127.01,169.76,3.5,1,0
158.23,174.84,3.5,1,0
205.91,195.87,0,0,0
236.58,131.61,7,2,0
205.38,193.8,3.5,1,0
166.31,70.68000000000001,0,0,0
177.27,147.01,7,2,0
226.47,149.41,3.5,1,0
118.59,184.85,3.5,1,0
146.01,94.083,0,0,0
249.99,91.102,3.5,1,0
146.23,130.38,7,2,0
165.49,87.07299999999999,7,2,0
103.03,183.6,0,0,0
162.6,179.48,3.5,1,0
168.71,164.14,3.5,1,0
161.17,183.06,7,2,0
208.65,190.07,0,0,0
164.72,172.36,3.5,1,0
172.85,73.72199999999999,7,2,0
151.76,118.49,7,2,0
246.32,87.16800000000001,3.5,1,0
160.25,98.027,7,2,0
244.36,113.66,0,0,0
198.99,192.14,3.5,1,0
203.46,191.02,0,0,0
169.22,163.09,3.5,1,0
209.53,70.16500000000001,3.5,1,0
179.59,187.45,3.5,1,0
167.19,72.976,3.5,1,0
191.39,116.98,7,2,0
155.53,162.98,0,0,0
154.69,162.62,0,0,0
253.32,92.684,3.5,1,0
182.67,135.13,7,2,0
162.81,94.494,0,0,0
166.01,67.49299999999999,0,0,0
213.14,178.36,0,0,0
237.76,124.73,3.5,1,0
206.53,191.32,3.5,1,0
124.81,174.49,3.5,1,0
200.55,191.72,3.5,1,0
143.9,98.574,0,0,0
232.31,134.6,3.5,1,0
136.33,190.72,0,0,0
204,183.62,0,0,0
163.01,176.04,3.5,1,0
181.14,58.756,3.5,1,0
174.39,153.34,7,2,0
211.4,170.59,3.5,1,0
184.92,75.081,3.5,1,0
144.63,158.14,0,0,0
171.69,168.03,3.5,1,0
221.43,91.304,3.5,1,0
193.68,123.59,7,2,0
255.29,106.97,3.5,1,0
193.69,59.468,3.5,1,0
157.92,160.05,3.5,1,0
169.58,184.55,3.5,1,0
139.38,145.09,7,2,0
176.37,199.49,3.5,1,0
168.09,82.56999999999999,3.5,1,0
215.02,162.75,3.5,1,0
204.95,196.02,0,0,0
132.89,142.06,3.5,1,0
165.87,85.044,0,0,0
213.9,68.928,3.5,1,0
125.72,147.55,0,0,0
241.45,94.09999999999999,3.5,1,0
205.9,195.63,3.5,1,0
144.46,153.73,3.5,1,0
145.7,94.73999999999999,0,0,0
213.69,179.03,0,0,0
193.73,112.21,3.5,1,0
233.98,132.92,3.5,1,0
163.61,181.77,3.5,1,0
156.31,105.66,0,0,0
221.81,159.3,3.5,1,0
163.32,168.34,3.5,1,0
228.92,76.81699999999999,3.5,1,0
206.45,89.477,7,2,0
242.11,113.67,3.5,1,0
231.42,94.256,3.5,1,0
173.48,68.083,3.5,1,0
240.34,119.15,3.5,1,0
123.72,174.74,7,2,0
244.69,109.44,0,0,0
137.47,108.82,0,0,0
248.31,84.248,3.5,1,0
131.01,161.17,3.5,1,0
130.34,157.98,7,2,0
206.6,192.55,0,0,0
194.49,110.6,3.5,1,0
118.63,151.59,0,0,0
194.35,123.89,7,2,0
222.55,160.02,0,0,0
178.64,169.98,3.5,1,0
201.04,198.92,3.5,1,0
199.58,193.79,3.5,1,0
176.51,185.99,3.5,1,0
247.61,107.05,0,0,0
201.36,195.65,0,0,0
229.44,75.658,3.5,1,0
161.71,192.65,3.5,1,0
239.74,106.25,7,2,0
248.08,105.87,0,0,0
242.6,112.63,3.5,1,0
189.54,208.73,3.5,1,0
238.78,125.32,0,0,0
123.29,171.24,3.5,1,0
158.59,86.63800000000001,7,2,0
162.28,92.767,0,0,0
142.88,134.01,3.5,1,0
182.7,59.123,3.5,1,0
142.1,136.66,7,2,0
237.67,123.15,3.5,1,0
178.03,200.26,3.5,1,0
128.56,184.15,0,0,0
154.05,113.57,7,2,0
216.95,158.4,3.5,1,0
148.18,125.06,3.5,1,0
181.96,207.11,3.5,1,0
166.89,169.5,3.5,1,0
218.82,90.101,3.5,1,0
177.15,53.842,3.5,1,0
213.38,71.714,3.5,1,0
242.87,107.34,7,2,0
221,89.477,3.5,1,0
139.41,139.63,7,2,0
239.22,125.93,7,2,0
180.31,60.517,3.5,1,0
196.88,207.99,7,2,0
238.78,122.54,3.5,1,0
203.94,187.92,3.5,1,0
209.36,75.637,3.5,1,0
165.27,195.9,3.5,1,0
166.79,83.027,3.5,1,0
163.49,195.05,3.5,1,0
170.45,57.597,0,0,0
129.41,164.62,3.5,1,0
180.86,55.58,3.5,1,0
213.99,168.74,3.5,1,0
159.82,98.373,3.5,1,0
178.96,60.561,3.5,1,0
131.55,139.49,3.5,1,0
256.26,94.065,3.5,1,0
132.33,143.49,3.5,1,0
205.36,188.95,0,0,0
233.14,75.20099999999999,3.5,1,0
158.91,173.44,3.5,1,0
125.39,190.9,0,0,0
175.69,67.53700000000001,3.5,1,0
189.58,203.34,7,2,0
230.95,76.349,3.5,1,0
217.71,168.04,3.5,1,0
177.96,212.68,3.5,1,0
189.96,192.31,3.5,1,0
179.54,62.155,3.5,1,0
201.93,197.81,3.5,1,0
199.91,207.93,0,0,0
137.27,150.69,3.5,1,0
156.69,105.47,7,2,0
183.86,186.64,0,0,0
216.46,163.44,3.5,1,0
128.31,168.53,7,2,0
174.64,207.35,3.5,1,0
159.12,160.61,3.5,1,0
160.67,174.14,3.5,1,0
218.36,167.93,7,2,0
205.58,90.55800000000001,7,2,0
182.4,187.15,0,0,0
198.49,110.04,7,2,0
186.72,203.33,7,2,0
170.51,195.9,7,2,0
202.88,200.42,0,0,0
134.25,142.69,7,2,0
197.35,208.21,7,2,0
135.18,113.71,0,0,0
236.46,130.14,7,2,0
177.2,188.08,3.5,1,0
202.22,191.54,3.5,1,0
188.04,58.934,3.5,1,0
225.64,153.39,0,0,0
194.56,113.8,7,2,0
189.23,205.57,3.5,1,0
147.83,125.8,3.5,1,0
205.8,184.25,3.5,1,0
137.45,188.33,0,0,0
191.37,76.407,3.5,1,0
217.38,171.12,0,0,0
238.33,109.22,7,2,0
186.51,127.71,3.5,1,0
250.31,88.95099999999999,3.5,1,0
160.86,191.36,7,2,0
208.81,170.64,3.5,1,0
164.23,89.714,7,2,0
200.83,205.97,0,0,0
128.45,157.05,3.5,1,0
204.63,181.77,3.5,1,0
202.65,200.6,3.5,1,0
180.46,139.99,7,2,0
133.81,116.65,0,0,0
222.36,160.43,0,0,0
159.62,87.117,7,2,0
228.87,148.43,7,2,0
181.03,209.12,3.5,1,0
244.71,112.65,7,2,0
138.68,137.87,7,2,0
156.16,106.6,7,2,0
205.73,89.444,3.5,1,0
157.04,106.66,3.5,1,0
156.97,190.43,3.5,1,0
122.76,172.37,3.5,1,0
156.16,88.82299999999999,7,2,0
139.1,142.1,3.5,1,0
129.99,157.79,7,2,0
221.34,160.31,3.5,1,0
192.28,60.917,3.5,1,0
219.33,164.75,0,0,0
201.98,203.87,0,0,0
121.91,180.7,3.5,1,0
176.77,195.02,3.5,1,0
203.03,185.69,0,0,0
199.86,196.8,3.5,1,0
169.91,80.074,7,2,0
214.98,166.61,3.5,1,0
160.39,66.569,0,0,0
209.84,187.17,3.5,1,0
245.01,109.04,3.5,1,0
203.77,90.69199999999999,3.5,1,0
171.13,198.69,3.5,1,0
246.54,109.34,0,0,0
235.12,79.76900000000001,3.5,1,0
183.45,72.71899999999999,3.5,1,0
171.53,67.181,3.5,1,0
214.46,177.38,0,0,0
200.24,198.55,3.5,1,0
244.48,110.18,3.5,1,0
203.9,183.83,0,0,0
239.81,106.1,7,2,0
156.02,108.81,7,2,0
178.57,144.7,3.5,1,0
149.52,101.33,0,0,0
138.01,138.71,7,2,0
246.14,109.86,0,0,0
131.19,160.79,3.5,1,0
245.98,110.2,0,0,0
189.02,57.284,3.5,1,0
182.36,73.889,3.5,1,0
162.93,86.738,7,2,0
161.3,97.37,3.5,1,0
123.06,141.71,0,0,0
202.15,185.49,3.5,1,0
202.45,201.05,3.5,1,0
190.4,60.037,3.5,1,0
164.28,170.06,3.5,1,0
167.43,164.78,3.5,1,0
201.33,92.631,7,2,0
131.32,178.27,0,0,0
174.77,152.52,7,2,0
167.83,196.83,3.5,1,0
156.59,178.22,3.5,1,0
137.66,146.99,3.5,1,0
172.09,75.371,7,2,0
157.3,174.82,0,0,0
178.96,210.32,3.5,1,0
242.53,87.581,3.5,1,0
197.04,195.45,3.5,1,0
120.72,145.31,0,0,0
240.48,91.203,3.5,1,0
206.25,90.848,7,2,0
161.74,171.81,3.5,1,0
199.27,97.033,7,2,0
159.07,103.49,7,2,0
216.17,160.19,3.5,1,0
117.04,154.85,0,0,0
200.91,93.523,7,2,0
187.65,206.52,3.5,1,0
186.57,175.05,3.5,1,0
185.17,57.597,3.5,1,0
134.59,144.61,3.5,1,0
242.22,100.92,3.5,1,0
165.68,87.819,3.5,1,0
190.88,121.61,7,2,0
206.37,77.465,3.5,1,0
244.6,107.27,0,0,0
156.58,191.78,3.5,1,0
123.29,139.13,0,0,0
243.82,99.961,3.5,1,0
200.52,197.34,0,0,0
205.66,197.65,0,0,0
179.22,62.846,3.5,1,0
178.3,169.82,3.5,1,0
188.17,189.85,0,0,0
156.73,105.19,3.5,1,0
140.53,182,0,0,0
129.27,144.54,0,0,0
135.48,169.39,0,0,0
134.12,139.82,7,2,0
219.75,163.68,3.5,1,0
215.35,173.49,0,0,0
237.98,98.97,3.5,1,0
200.3,193.51,0,0,0
238.86,121.83,0,0,0
206.31,82.51300000000001,3.5,1,0
220.39,162.4,0,0,0
164.06,180.17,3.5,1,0
176.37,69.432,3.5,1,0
170.6,72.964,7,2,0
143.86,155.47,3.5,1,0
208.45,72.673,3.5,1,0
138.8,144.97,3.5,1,0
160.95,66.81399999999999,0,0,0
187.24,204.64,3.5,1,0
195.88,208.75,0,0,0
164,87.229,7,2,0
138.59,153,3.5,1,0
125.53,167.41,7,2,0
209.96,69.173,3.5,1,0
169.41,73.834,7,2,0
234.52,80.94,3.5,1,0
187.03,173.87,3.5,1,0
206.72,189.4,0,0,0
172.72,160.53,7,2,0
117.47,184.43,3.5,1,0
212.46,68.63800000000001,3.5,1,0
180.05,140.9,7,2,0
211.74,169.86,3.5,1,0
159.44,66.15600000000001,0,0,0
176.5,145.94,7,2,0
142.56,132.96,7,2,0
204.33,182.17,0,0,0
221.91,163.25,7,2,0
195.47,205.66,3.5,1,0
180.04,141.54,3.5,1,0
141.23,137.55,3.5,1,0
200.16,192.28,0,0,0
172.54,161.67,7,2,0
170.36,78.202,0,0,0
154.19,109.69,3.5,1,0
178.72,206.26,3.5,1,0
207.27,189.7,3.5,1,0
140.39,137.57,7,2,0
240.64,100.2,3.5,1,0
148.75,102.93,0,0,0
105.39,178.78,0,0,0
168.49,79.39400000000001,0,0,0
225.73,93.29900000000001,3.5,1,0
215.48,161.75,3.5,1,0
175.64,150.97,3.5,1,0
202.1,197.88,3.5,1,0
161.37,176.3,3.5,1,0
221.69,163.72,7,2,0
203.14,185.45,0,0,0
216.36,89.68899999999999,3.5,1,0
137.09,189.06,0,0,0
250.72,93.687,3.5,1,0
172,208.72,3.5,1,0
220.9,72.215,3.5,1,0
129.19,145.02,0,0,0
140.67,139.76,7,2,0
216.3,159.89,3.5,1,0
218.17,73.029,3.5,1,0
205.17,90.46899999999999,3.5,1,0
205.04,90.402,3.5,1,0
243.01,99.58199999999999,3.5,1,0
123.42,170.96,3.5,1,0
168.37,83.40600000000001,7,2,0
208.68,90.792,3.5,1,0
188.24,123.07,3.5,1,0
127.86,185.64,0,0,0
129.85,125.1,0,0,0
159.98,171.23,3.5,1,0
183.86,173.77,3.5,1,0
164.67,193.23,7,2,0
240.34,118.69,0,0,0
135.84,145.1,7,2,0
202.33,83.17,3.5,1,0
240.9,116.24,3.5,1,0
205.88,67.279,3.5,1,0
122.42,144.12,0,0,0
141.12,138.77,7,2,0
184.43,132.18,3.5,1,0
238.69,122.18,0,0,0
185.62,187.43,0,0,0
162.36,174.17,3.5,1,0
136.1,143.62,7,2,0
198.19,102.42,7,2,0
230.21,95.371,3.5,1,0
177.91,62.801,3.5,1,0
244.16,86.277,3.5,1,0
150.16,121.92,7,2,0
224.26,151.25,3.5,1,0
164.95,89.87,0,0,0
153.82,110.44,3.5,1,0
210.12,167.83,3.5,1,0
196.54,179.75,3.5,1,0
237.54,125.02,0,0,0
220.05,71.81399999999999,3.5,1,0
239.67,106.4,7,2,0
163.81,163.09,3.5,1,0
200.51,64.77200000000001,3.5,1,0
184.88,73.387,3.5,1,0
152.32,187.49,7,2,0
192.92,117.26,7,2,0
121.55,174.95,3.5,1,0
174.5,153.39,3.5,1,0
247.95,97.164,3.5,1,0
231.43,76.572,3.5,1,0
207.03,190.23,3.5,1,0
247.07,105.74,0,0,0
252.21,86.02,3.5,1,0
137.98,152.71,3.5,1,0
154.05,76.88800000000001,0,0,0
172.19,166.98,3.5,1,0
171.22,75.071,7,2,0
199.3,194.4,3.5,1,0
188.29,74.96899999999999,3.5,1,0
237.71,124.66,0,0,0
185.87,173.33,3.5,1,0
230.26,143.03,0,0,0
125.94,173.64,7,2,0
154.21,92.901,7,2,0
243.29,107.77,0,0,0
122.07,173.85,3.5,1,0
197.33,63.279,3.5,1,0
155.62,158.97,3.5,1,0
187.53,189.55,0,0,0
182.3,54.142,3.5,1,0
196.12,215.91,0,0,0
164.29,71.694,7,2,0
196.62,60.839,3.5,1,0
149.72,100.9,0,0,0
141.95,134.27,7,2,0
172.5,199.13,3.5,1,0
207.54,79.727,3.5,1,0
228.91,75.42400000000001,3.5,1,0
145.12,129.23,3.5,1,0
244.25,108.24,0,0,0
149.52,178.8,0,0,0
210.44,167.14,3.5,1,0
174.06,162.92,3.5,1,0
204.89,90.26900000000001,7,2,0
198.76,192.62,3.5,1,0
198.42,101.91,7,2,0
169.82,49.708,3.5,1,0
155.35,89.045,0,0,0
152.92,113.21,7,2,0
175.36,169.76,3.5,1,0
212.71,171.49,3.5,1,0
205.41,187.97,3.5,1,0
168.72,81.18899999999999,3.5,1,0
174.25,196.4,7,2,0
199.97,80.407,3.5,1,0
179.28,143.18,3.5,1,0
199.26,206.39,0,0,0
242.31,81.51900000000001,3.5,1,0
185.48,188.59,0,0,0
215.48,87.616,3.5,1,0
179.08,52.627,3.5,1,0
134.02,154.75,3.5,1,0
207.99,189.58,0,0,0
173.34,71.705,7,2,0
180.69,206.3,3.5,1,0
142.2,157.06,0,0,0
252.8,104.08,3.5,1,0
158.68,162.35,3.5,1,0
228.8,144.39,3.5,1,0
171.83,75.20399999999999,3.5,1,0
163.18,164.01,3.5,1,0
225.45,153.8,0,0,0
173.15,69.61,3.5,1,0
236.48,98.268,3.5,1,0
156.47,188.07,7,2,0
204.29,197.44,0,0,0
160.99,169.13,3.5,1,0
169.61,76.965,0,0,0
146.56,127,7,2,0
225.56,74.38800000000001,3.5,1,0
175.37,201.66,3.5,1,0
159.63,180.01,3.5,1,0
205.5,186.28,0,0,0
196.58,207.13,0,0,0
144.93,133.16,7,2,0
127.34,165.65,3.5,1,0
143.34,176.25,0,0,0
218.99,166.57,7,2,0
140.21,140.75,7,2,0
251.63,91.87,3.5,1,0
199.49,191.1,3.5,1,0
159.18,172.87,3.5,1,0
199.11,206.82,7,2,0
140.18,153.76,3.5,1,0
259.05,90.90000000000001,3.5,1,0
177.46,147.07,3.5,1,0
162.48,193,3.5,1,0
124,142.14,0,0,0
253.98,92.996,3.5,1,0
166.72,65.90000000000001,0,0,0
160.37,185.94,7,2,0
159.7,185.49,3.5,1,0
177.9,52.081,3.5,1,0
151.34,179.6,0,0,0
170.57,50.075,3.5,1,0
170.78,196.87,3.5,1,0
215.02,175.16,7,2,0
160.04,175.49,3.5,1,0
198.22,208.37,3.5,1,0
202.35,191.25,3.5,1,0
253.32,102.04,3.5,1,0
201.84,192.39,3.5,1,0
161.4,182.61,7,2,0
202.28,191.4,3.5,1,0
222.34,158.12,0,0,0
245.64,107.76,0,0,0
132.07,143.37,3.5,1,0
135.99,150.54,3.5,1,0
212.06,169.15,3.5,1,0
144.82,155.92,3.5,1,0
216.83,169.9,3.5,1,0
255.95,98.434,3.5,1,0
162.86,193.18,3.5,1,0
189.89,77.38800000000001,3.5,1,0
157.71,102.63,0,0,0
192.58,111.33,7,2,0
250.86,91.514,3.5,1,0
138.55,146.55,3.5,1,0
183.07,173.4,3.5,1,0
154.77,111.98,3.5,1,0
134.54,133.07,3.5,1,0
159.59,182.84,3.5,1,0
110.68,186.54,0,0,0
196.28,214.15,3.5,1,0
178.11,207.69,3.5,1,0
257.25,90.098,3.5,1,0
203.83,201.11,0,0,0
229.39,77.04000000000001,3.5,1,0
235.72,131.69,0,0,0
156.76,159.51,3.5,1,0
167.57,181.8,3.5,1,0
228.58,142.32,3.5,1,0
166.7,72.563,7,2,0
178.63,64.09399999999999,3.5,1,0
202.85,200.15,3.5,1,0
123.15,171.53,3.5,1,0
204.2,190.26,3.5,1,0
129.57,125.71,0,0,0
210.79,171.92,3.5,1,0
214.85,163.13,3.5,1,0
129.62,142.17,3.5,1,0
205.68,187.37,3.5,1,0
214.64,167.34,3.5,1,0
178.99,190.38,3.5,1,0
159.93,175.74,3.5,1,0
231.63,140.18,0,0,0
244.27,115.08,7,2,0
187.33,123.09,7,2,0
117.69,183.04,3.5,1,0
128.14,167.34,3.5,1,0
112.96,187.64,0,0,0
172.3,53.452,0,0,0
169.69,162.16,3.5,1,0
202.15,90.871,7,2,0
220.52,90.892,3.5,1,0
228.02,146.05,3.5,1,0
138.11,147.85,7,2,0
210.36,67.279,3.5,1,0
148.94,155.84,3.5,1,0
171.75,74.569,3.5,1,0
192.19,118.83,7,2,0
193.77,218.02,3.5,1,0
160.64,193.71,3.5,1,0
133.46,144.05,3.5,1,0
148.39,184.9,7,2,0
217.83,165.06,3.5,1,0
165.39,165.06,3.5,1,0
179.99,187.63,3.5,1,0
163.24,172.3,3.5,1,0
171.63,50.588,3.5,1,0
173.61,201.63,3.5,1,0
158.29,101.39,0,0,0
232.83,96.58499999999999,3.5,1,0
175.37,151.19,7,2,0
198.3,196.55,3.5,1,0
229.07,141.32,3.5,1,0
243.78,107.19,3.5,1,0
182.89,171.94,3.5,1,0
165.95,71.059,3.5,1,0
155.13,160.71,3.5,1,0
226.91,148.45,3.5,1,0
240.09,105.5,7,2,0
204.33,187.01,3.5,1,0
233.89,97.07599999999999,3.5,1,0
150.1,120.97,3.5,1,0
166.14,85.71299999999999,7,2,0
154.28,187.19,7,2,0
166.3,194.79,3.5,1,0
234.33,136.44,7,2,0
213.69,173.97,3.5,1,0
181.27,172.54,3.5,1,0
188.71,188.81,0,0,0
199.48,205.62,3.5,1,0
159.45,172.31,3.5,1,0
246.83,85.095,3.5,1,0
186.29,187.73,0,0,0
176.48,148.76,7,2,0
241.83,81.29600000000001,3.5,1,0
236.38,127.72,3.5,1,0
141.73,154.49,3.5,1,0
178.62,144.04,7,2,0
208.31,171.71,3.5,1,0
204.89,80.886,3.5,1,0
173.6,52.627,3.5,1,0
166.19,84.342,3.5,1,0
244.35,110.17,0,0,0
246.09,109.73,7,2,0
144.98,129.53,3.5,1,0
171.18,160.5,3.5,1,0
120.56,181.52,7,2,0
240.16,119.07,0,0,0
242.78,81.73,3.5,1,0
149.13,160.14,0,0,0
243.32,106.99,3.5,1,0
178.6,193.73,7,2,0
160.7,189.76,7,2,0
208.5,185.55,0,0,0
202.73,194.68,0,0,0
158.55,190.31,7,2,0
163.92,93.001,7,2,0
143.18,176.56,0,0,0
158.44,101.8,7,2,0
109.66,183.87,0,0,0
223.25,157.33,7,2,0
155.19,107.67,3.5,1,0
196.84,63.056,3.5,1,0
239.03,99.449,3.5,1,0
162.87,91.508,0,0,0
176.31,207.55,3.5,1,0
170.79,72.664,0,0,0
203.3,189.14,3.5,1,0
185.02,55.412,3.5,1,0
107.11,175.23,0,0,0
141.3,180.42,0,0,0
137.69,140.05,7,2,0
156.68,87.608,0,0,0
234.9,133.39,0,0,0
182.68,135.91,3.5,1,0
211.47,75.893,3.5,1,0
167.21,84.476,3.5,1,0
236.42,96.563,3.5,1,0
125.14,147.29,0,0,0
159.69,98.373,0,0,0
123.06,139.63,0,0,0
152.99,79.161,0,0,0
159.06,184.39,3.5,1,0
118.93,184.99,7,2,0
191.41,58.399,3.5,1,0
244.17,92.93000000000001,3.5,1,0
170.69,183.28,3.5,1,0
161.86,171.54,3.5,1,0
181.45,58.076,3.5,1,0
176.51,65.81,3.5,1,0
197.49,194.19,0,0,0
200.21,98.10299999999999,7,2,0
242.65,118.55,7,2,0
162.83,94.026,3.5,1,0
137.44,132.89,7,2,0
161.94,93.703,3.5,1,0
163.89,176.07,3.5,1,0
180,200.26,7,2,0
203.54,195.07,0,0,0
158.92,171.44,0,0,0
206.86,183.3,0,0,0
173.02,72.229,0,0,0
180.78,189.73,3.5,1,0
144.14,134.85,7,2,0
244.27,109.07,3.5,1,0
199.48,193.13,0,0,0
230.23,144.49,7,2,0
216.31,172.36,7,2,0
239.18,107.43,7,2,0
206.02,192.43,3.5,1,0
192.8,121.9,7,2,0
139.19,151.48,3.5,1,0
197.94,208.68,0,0,0
202.64,198.32,0,0,0
243.83,111.28,0,0,0
136.75,189.76,0,0,0
125.91,172.12,3.5,1,0
228.21,143.09,3.5,1,0
148.97,87.742,0,0,0
233.2,80.316,3.5,1,0
159.51,85.15600000000001,7,2,0
210.83,166.22,3.5,1,0
210.59,67.714,3.5,1,0
135.84,151.7,3.5,1,0
200.74,82.435,3.5,1,0
119.79,185.25,3.5,1,0
246.59,106.76,0,0,0
209.39,80.45099999999999,3.5,1,0
195.69,177.89,3.5,1,0
243.78,80.248,3.5,1,0
210.11,92.063,3.5,1,0
207.4,93.43300000000001,3.5,1,0
201.51,201.38,3.5,1,0
198.9,101.13,3.5,1,0
204.08,189.47,0,0,0
201.8,200.72,3.5,1,0
128.57,164.38,7,2,0
184.62,131.77,3.5,1,0
211.76,70.221,3.5,1,0
200.74,204.46,3.5,1,0
167.17,181.63,3.5,1,0
235.23,78.29900000000001,3.5,1,0
184.05,132.97,3.5,1,0
212.11,180.62,0,0,0
200.83,190.42,0,0,0
201.76,182.23,3.5,1,0
191.77,58.566,3.5,1,0
211.68,75.425,3.5,1,0
152.76,116.34,7,2,0
173.59,198.19,3.5,1,0
141.93,152.55,3.5,1,0
232.31,140.77,7,2,0
123.91,144.79,0,0,0
165.1,70.658,3.5,1,0
173.33,49.864,3.5,1,0
195.39,108.66,3.5,1,0
241.09,107.19,3.5,1,0
229.49,142.89,3.5,1,0
174.55,185.08,3.5,1,0
159.89,191.79,3.5,1,0
257.55,90.232,3.5,1,0
167.72,73.04300000000001,7,2,0
238.87,108.1,7,2,0
154.52,186.68,3.5,1,0
159.26,183.99,3.5,1,0
155.99,106.36,0,0,0
142.04,139.36,7,2,0
151.53,97.09099999999999,0,0,0
157.33,86.337,7,2,0
160.9,167.31,0,0,0
191.05,114.61,7,2,0
165.92,72.20699999999999,7,2,0
230.85,79.21299999999999,3.5,1,0
172.88,71.048,3.5,1,0
167.52,73.13200000000001,3.5,1,0
146.98,183.29,7,2,0
189.04,207.19,3.5,1,0
168.41,50.254,3.5,1,0
225.95,151.5,7,2,0
139.91,153.63,3.5,1,0
208.96,81.376,3.5,1,0
172.77,161.38,3.5,1,0
121.22,183.88,7,2,0
166.4,83.88500000000001,3.5,1,0
159.35,162.66,3.5,1,0
158.14,190.13,7,2,0
169.68,80.57599999999999,7,2,0
255.29,95.848,3.5,1,0
178.94,143.9,3.5,1,0
180.89,71.526,3.5,1,0
153.03,95.386,7,2,0
146.66,184.16,7,2,0
243.5,115.23,7,2,0
243.56,90.31100000000001,3.5,1,0
